id,col,size,entry_idx,entry_price,entry_fees,exit_idx,exit_price,exit_fees,pnl,return,direction,status,parent_id
0,0,0.22,1890,34724.0,0.0,2347,34799.0,0.0,16.5,0.0021598894136620208,0,1,0
1,0,0.16,7821,36410.0,0.0,8265,36369.0,0.0,-6.5600000000004,-0.0011260642680582943,0,1,1
2,0,0.24,11034,36802.0,0.0,11484,36273.0,0.0,-126.95999999999913,-0.014374218792456834,0,1,2
3,0,0.27,14752,36233.0,0.0,15210,35674.0,0.0,-150.92999999999847,-0.01542792481991539,0,1,3
4,0,0.23,21672,34374.0,0.0,22110,34363.0,0.0,-2.5299999999997453,-0.00032000930936169463,0,1,4
5,0,0.18,27185,36122.0,0.0,27662,36137.0,0.0,2.699999999999818,0.0004152593987043627,0,1,5
6,0,0.27,29505,35416.0,0.0,29962,34784.0,0.0,-170.64000000000124,-0.017845041789022038,0,1,6
7,0,0.11,35790,36531.0,0.0,36336,36330.0,0.0,-22.109999999999673,-0.00550217623388347,0,1,7
8,0,0.14,38980,36035.0,0.0,39716,36222.0,0.0,26.18000000000029,0.00518939919522692,0,1,8
9,0,0.15,41182,36406.0,0.0,41904,37159.0,0.0,112.94999999999982,0.020683403834532738,0,1,9
10,0,0.12,48301,38170.0,0.0,49036,37991.0,0.0,-21.479999999999563,-0.0046895467644746235,0,1,10
11,0,0.13,59426,38470.0,0.0,60104,38399.0,0.0,-9.230000000000473,-0.0018455939693268425,0,1,11
12,0,0.17,60912,38218.0,0.0,61679,36865.0,0.0,-230.01000000000022,-0.03540216651839451,0,1,12
13,0,0.15,64274,36952.0,0.0,64937,37224.0,0.0,40.79999999999927,0.007360900627841393,0,1,13
14,0,0.16,67897,37139.0,0.0,68568,37120.0,0.0,-3.0399999999999636,-0.0005115915883572464,0,1,14
15,0,0.13,70000,38040.0,0.0,70716,38483.0,0.0,57.590000000000146,0.011645636172450083,0,1,15
16,0,0.19,71504,38388.0,0.0,72138,38817.0,0.0,81.51000000000022,0.011175367302281993,0,1,16
17,0,0.09,74983,38261.0,0.0,75697,38353.0,0.0,8.2800000000002,0.0024045372572594086,0,1,17
18,0,0.16,87842,39048.0,0.0,88483,39586.0,0.0,86.07999999999993,0.013777914361811092,0,1,18
19,0,0.1,111401,40838.0,0.0,112126,40603.0,0.0,-23.5,-0.005754444390028895,0,1,19
20,0,0.13,113276,41180.0,0.0,114007,41000.0,0.0,-23.400000000000546,-0.004371053909664987,0,1,20
21,0,0.13,116911,40952.0,0.0,117655,40932.0,0.0,-2.600000000000364,-0.0004883766360617992,0,1,21
22,0,0.1,118411,39876.0,0.0,119170,40160.0,0.0,28.399999999999636,0.007122078443173747,0,1,22
23,0,0.14,121770,39705.0,0.0,122519,40268.0,0.0,78.81999999999971,0.014179574360911669,0,1,23
24,0,0.11,135877,39262.0,0.0,136817,39245.0,0.0,-1.8699999999998909,-0.00043298864041564384,0,1,24
25,0,0.15,146320,41088.0,0.0,147019,41190.0,0.0,15.300000000000182,0.0024824766355140485,0,1,25
26,0,0.12,159835,40633.0,0.0,160673,39901.0,0.0,-87.84000000000015,-0.018014913986168907,0,1,26
27,0,0.11,164163,39222.0,0.0,165024,38932.0,0.0,-31.899999999999636,-0.007393809596654854,0,1,27
28,0,0.09,170191,38753.0,0.0,170942,38617.0,0.0,-12.240000000000236,-0.0035094057234279314,0,1,28
29,0,0.13,172500,39173.0,0.0,173299,39296.0,0.0,15.990000000000691,0.003139917800526008,0,1,29
30,0,0.18,185240,38774.0,0.0,185912,38810.0,0.0,6.480000000000473,0.0009284572135968079,0,1,30
31,0,0.16,186783,39377.0,0.0,187524,39285.0,0.0,-14.719999999999345,-0.0023363892627675017,0,1,31
32,0,0.18,192935,39076.0,0.0,193742,38399.0,0.0,-121.85999999999967,-0.017325212406592235,0,1,32
33,0,0.12,196712,38831.0,0.0,197488,38376.0,0.0,-54.600000000000364,-0.011717442249748989,0,1,33
34,0,0.13,198282,38817.0,0.0,199121,39392.0,0.0,74.75,0.014813097354252003,0,1,34
35,0,0.16,202430,40089.0,0.0,203295,40116.0,0.0,4.3200000000006185,0.0006735014592532581,0,1,35
36,0,0.14,204978,39148.0,0.0,205811,39339.0,0.0,26.74000000000069,0.004878921017676636,0,1,36
37,0,0.12,208698,39199.0,0.0,209565,40155.0,0.0,114.71999999999935,0.02438837725452166,0,1,37
38,0,0.13,210482,40680.0,0.0,211363,40719.0,0.0,5.069999999999709,0.0009587020648967001,0,1,38
39,0,0.16,213279,40125.0,0.0,214146,40464.0,0.0,54.23999999999978,0.008448598130841088,0,1,39
40,0,0.13,217336,39940.0,0.0,218202,39569.0,0.0,-48.22999999999956,-0.009288933400100067,0,1,40
41,0,0.15,221688,38690.0,0.0,222509,38803.0,0.0,16.949999999999818,0.0029206513310932746,0,1,41
42,0,0.12,233757,40492.0,0.0,234587,40389.0,0.0,-12.360000000000582,-0.002543712338239772,0,1,42
43,0,0.15,237944,40208.0,0.0,238724,40614.0,0.0,60.899999999999636,0.010097493036211639,0,1,43
44,0,0.15,246081,39734.0,0.0,247009,39846.0,0.0,16.800000000000182,0.002818744651935401,0,1,44
45,0,0.12,254551,40908.0,0.0,255461,40605.0,0.0,-36.36000000000058,-0.007406864183045,0,1,45
46,0,0.13,256371,40983.0,0.0,257140,40725.0,0.0,-33.539999999999964,-0.006295293170338914,0,1,46
47,0,0.16,258764,41168.0,0.0,259527,41232.0,0.0,10.239999999999782,0.0015546055188495587,0,1,47
48,0,0.12,260475,41785.0,0.0,261228,41829.0,0.0,5.279999999999745,0.0010530094531529947,0,1,48
49,0,0.16,262943,41725.0,0.0,263804,41736.0,0.0,1.7600000000002183,0.00026363091671662947,0,1,49
50,0,0.14,267250,41421.0,0.0,268204,41512.0,0.0,12.739999999999782,0.0021969532362810756,0,1,50
51,0,0.14,271712,41947.0,0.0,272490,42338.0,0.0,54.73999999999978,0.009321286385200333,0,1,51
52,0,0.13,280518,42016.0,0.0,281490,42608.0,0.0,76.96000000000004,0.014089870525514097,0,1,52
53,0,0.12,290642,44160.0,0.0,291521,44602.0,0.0,53.039999999999964,0.010009057971014486,0,1,53
54,0,0.11,299281,44877.0,0.0,300061,45515.0,0.0,70.17999999999938,0.014216636584441793,0,1,54
55,0,0.09,304104,43654.0,0.0,305072,43381.0,0.0,-24.56999999999971,-0.006253722453841499,0,1,55
56,0,0.14,306872,43489.0,0.0,307687,43940.0,0.0,63.13999999999942,0.010370438501689986,0,1,56
57,0,0.14,308567,43619.0,0.0,309332,44042.0,0.0,59.220000000000255,0.009697608840184363,0,1,57
58,0,0.16,313678,44299.0,0.0,314376,43577.0,0.0,-115.52000000000044,-0.016298336305560004,0,1,58
59,0,0.15,315161,43627.0,0.0,315517,43754.0,0.0,19.049999999999272,0.0029110413276181068,0,1,59
60,0,0.11,317455,42587.0,0.0,318419,42588.0,0.0,0.11000000000058208,2.3481344072258943e-05,0,1,60
61,0,0.13,319296,42141.0,0.0,320179,41755.0,0.0,-50.17999999999938,-0.009159725682826587,0,1,61
62,0,0.14,329838,42187.0,0.0,330708,42629.0,0.0,61.88000000000011,0.010477161210799554,0,1,62
63,0,0.13,335997,41632.0,0.0,336841,41364.0,0.0,-34.839999999999236,-0.006437355880092096,0,1,63
64,0,0.14,342967,42475.0,0.0,343815,42447.0,0.0,-3.9200000000000728,-0.0006592113007651681,0,1,64
65,0,0.13,347345,43342.0,0.0,348241,43352.0,0.0,1.300000000000182,0.00023072308615203264,0,1,65
66,0,0.15,353866,42894.0,0.0,354707,43321.0,0.0,64.05000000000018,0.009954772229216237,0,1,66
67,0,0.15,356463,43955.0,0.0,357373,43978.0,0.0,3.449999999999818,0.0005232624274826252,0,1,67
68,0,0.15,362892,43844.0,0.0,363774,43829.0,0.0,-2.25,-0.00034212206915427425,0,1,68
69,0,0.15,365711,42624.0,0.0,366737,42419.0,0.0,-30.75,-0.004809496996996997,0,1,69
70,0,0.14,374255,42416.0,0.0,375132,42616.0,0.0,28.0,0.004715201810637495,0,1,70
71,0,0.17,380644,42309.0,0.0,381605,42419.0,0.0,18.699999999999818,0.002599919638847501,0,1,71
72,0,0.14,383463,43267.0,0.0,384413,43423.0,0.0,21.839999999999236,0.0036055192178795505,0,1,72
73,0,0.15,392295,42726.0,0.0,393136,42871.0,0.0,21.75,0.0033937181107522355,0,1,73
74,0,0.15,398504,42122.0,0.0,399472,41946.0,0.0,-26.400000000000546,-0.004178339110203781,0,1,74
75,0,0.13,413568,42097.0,0.0,414629,42224.0,0.0,16.50999999999931,0.003016842055253217,0,1,75
76,0,0.14,424488,43482.0,0.0,425551,43656.0,0.0,24.359999999999673,0.004001655857596193,0,1,76
77,0,0.16,427785,43831.0,0.0,428782,43800.0,0.0,-4.960000000000036,-0.0007072619835276454,0,1,77
78,0,0.16,433173,43509.0,0.0,434166,43650.0,0.0,22.55999999999949,0.003240708818864989,0,1,78
79,0,0.16,438498,42275.0,0.0,439492,42277.0,0.0,0.31999999999970896,4.730928444702971e-05,0,1,79
80,0,0.17,446557,41880.0,0.0,447618,42089.0,0.0,35.529999999999745,0.0049904489016236505,0,1,80
81,0,0.17,452111,42556.0,0.0,453166,42450.0,0.0,-18.019999999999527,-0.0024908356048500145,0,1,81
82,0,0.17,455565,42229.0,0.0,456631,42487.0,0.0,43.86000000000058,0.006109545572947581,0,1,82
83,0,0.14,457923,42749.0,0.0,458981,42929.0,0.0,25.199999999999818,0.004210624809937044,0,1,83
84,0,0.16,463517,43674.0,0.0,464576,43678.0,0.0,0.6400000000003274,9.158767229935536e-05,0,1,84
85,0,0.1,469573,44625.0,0.0,470733,44559.0,0.0,-6.599999999999454,-0.001478991596638533,0,1,85
86,0,0.16,473208,44546.0,0.0,474351,43915.0,0.0,-100.96000000000004,-0.014165132671844839,0,1,86
87,0,0.13,485298,43112.0,0.0,486396,43436.0,0.0,42.11999999999989,0.00751530896270178,0,1,87
88,0,0.11,487630,44186.0,0.0,488675,44302.0,0.0,12.760000000000218,0.002625265921332594,0,1,88
89,0,0.12,499646,45470.0,0.0,500816,45890.0,0.0,50.400000000000546,0.009236859467781055,0,1,89
90,0,0.09,506280,46508.00000000001,0.0,507417,46332.0,0.0,-15.840000000000146,-0.0037842951750236865,0,1,90
91,0,0.11,512635,47133.0,0.0,513818,46825.0,0.0,-33.88000000000011,-0.006534699679630004,0,1,91
92,0,0.12,518905,47288.0,0.0,520050,47480.0,0.0,23.039999999999964,0.00406022669599052,0,1,92
93,0,0.15,535146,47200.0,0.0,536311,46984.0,0.0,-32.400000000000546,-0.004576271186440755,0,1,93
94,0,0.13,541380,45859.0,0.0,542530,46216.0,0.0,46.409999999999854,0.0077847314594735794,0,1,94
95,0,0.13,543826,45990.0,0.0,544932,45595.0,0.0,-51.349999999999454,-0.008588823657316717,0,1,95
96,0,0.14,547412,46023.0,0.0,548529,46618.0,0.0,83.30000000000018,0.012928318449470944,0,1,96
97,0,0.12,549891,46598.0,0.0,551008,46836.0,0.0,28.55999999999949,0.005107515344006089,0,1,97
98,0,0.11,555839,48460.0,0.0,557022,48488.0,0.0,3.0799999999999272,0.0005777961205117486,0,1,98
99,0,0.08,568111,50489.0,0.0,569300,50398.0,0.0,-7.279999999999745,-0.0018023727940738937,0,1,99
100,0,0.09,581124,49756.0,0.0,582323,50184.0,0.0,38.51999999999953,0.008601977650936465,0,1,100
101,0,0.09,584962,49030.0,0.0,586164,49454.0,0.0,38.159999999999854,0.008647766673465193,0,1,101
102,0,0.11,587577,50355.0,0.0,588538,50206.0,0.0,-16.390000000000327,-0.002958991162744573,0,1,102
103,0,0.17,590379,50765.0,0.0,591554,51539.0,0.0,131.57999999999993,0.015246725105880024,0,1,103
104,0,0.07,596022,53425.0,0.0,597164,53407.00000000001,0.0,-1.2599999999997635,-0.00033692091717354457,0,1,104
105,0,0.06,607029,55472.0,0.0,608211,54209.0,0.0,-75.77999999999975,-0.022768243438130876,0,1,105
106,0,0.06,626366,54914.0,0.0,627582,54984.0,0.0,4.200000000000273,0.0012747204720108634,0,1,106
107,0,0.07,629056,56623.0,0.0,630278,55019.00000000001,0.0,-112.27999999999975,-0.02832771135404334,0,1,107
108,0,0.11,641647,54778.99999999999,0.0,642829,55865.0,0.0,119.46000000000004,0.019825115463955174,0,1,108
109,0,0.09,645459,56209.0,0.0,646612,56251.0,0.0,3.780000000000655,0.0007472113006815151,0,1,109
110,0,0.11,647982,56876.0,0.0,649177,56432.00000000001,0.0,-48.839999999999236,-0.007806456150221413,0,1,110
111,0,0.1,651852,55264.0,0.0,653054,54117.99999999999,0.0,-114.60000000000127,-0.020736826867400346,0,1,111
112,0,0.06,673447,58809.0,0.0,674643,58305.99999999999,0.0,-30.180000000000746,-0.00855311261881706,0,1,112
113,0,0.09,689655,62149.0,0.0,690828,64116.99999999999,0.0,177.11999999999898,0.03166583533121995,0,1,113
114,0,0.03,692367,61253.0,0.0,693483,63416.99999999999,0.0,64.91999999999985,0.03532888185068478,0,1,114
115,0,0.07,709216,69998.0,0.0,710454,70698.0,0.0,49.0,0.010000285722449211,0,1,115
116,0,0.06,711911,71223.0,0.0,713085,71414.0,0.0,11.460000000000036,0.0026817179843589938,0,1,116
117,0,0.05,731129,62835.0,0.0,732359,63815.0,0.0,49.0,0.015596403278427628,0,1,117
118,0,0.04,737931,61291.99999999999,0.0,739163,60491.99999999999,0.0,-32.0,-0.013052274358807023,0,1,118
119,0,0.04,741601,56398.0,0.0,742757,55687.0,0.0,-28.440000000000055,-0.012606830029433691,0,1,119
120,0,0.06,757326,59839.0,0.0,758554,61520.00000000001,0.0,100.86000000000058,0.028092046992764082,0,1,120
121,0,0.08,767239,64073.0,0.0,768427,65191.99999999999,0.0,89.51999999999953,0.017464454606464407,0,1,121
122,0,0.04,774013,63111.0,0.0,775259,64449.0,0.0,53.51999999999998,0.021200741550601313,0,1,122
123,0,0.08,783244,63301.0,0.0,784374,63402.0,0.0,8.079999999999927,0.0015955514130898262,0,1,123
124,0,0.06,796330,63605.99999999999,0.0,797545,63070.00000000001,0.0,-32.159999999998945,-0.008426877967487069,0,1,124
125,0,0.07,802952,61408.99999999999,0.0,804175,61441.0,0.0,2.240000000000691,0.0005210962562492448,0,1,125
126,0,0.08,813538,61425.0,0.0,814745,61748.0,0.0,25.840000000000146,0.005258445258445288,0,1,126
127,0,0.11,816188,62533.00000000001,0.0,817390,62559.0,0.0,2.859999999998763,0.00041578046791276206,0,1,127
128,0,0.08,819790,63886.0,0.0,821030,63235.0,0.0,-52.07999999999993,-0.0101900259837836,0,1,128
129,0,0.07,822511,61716.999999999985,0.0,823747,60986.0,0.0,-51.16999999999916,-0.011844386473742861,0,1,129
130,0,0.05,829295,57548.0,0.0,830456,57770.00000000001,0.0,11.100000000000364,0.00385764926669923,0,1,130
131,0,0.07,845914,57487.0,0.0,847146,56658.00000000001,0.0,-58.029999999999745,-0.01442065162558485,0,1,131
132,0,0.09,858726,58879.0,0.0,859907,58874.0,0.0,-0.4499999999998181,-8.491992051492007e-05,0,1,132
133,0,0.08,861036,59935.0,0.0,862267,59150.0,0.0,-62.80000000000018,-0.0130975223158422,0,1,133
134,0,0.07,865056,58470.00000000001,0.0,866242,59074.0,0.0,42.27999999999929,0.010330083803659821,0,1,134
135,0,0.08,867709,59638.0,0.0,868904,59804.99999999999,0.0,13.359999999999673,0.002800228042523155,0,1,135
136,0,0.06,881085,63420.00000000001,0.0,882327,62744.00000000001,0.0,-40.559999999999945,-0.010659098076316605,0,1,136
137,0,0.1,900437,64659.0,0.0,901661,64553.0,0.0,-10.600000000000364,-0.0016393696159854565,0,1,137
138,0,0.07,904479,63983.99999999999,0.0,905726,63047.0,0.0,-65.58999999999924,-0.014644286071517708,0,1,138
139,0,0.08,907248,63247.0,0.0,908462,62452.0,0.0,-63.600000000000364,-0.01256976615491651,0,1,139
140,0,0.11,923512,62479.99999999999,0.0,924717,62730.99999999999,0.0,27.609999999999673,0.004017285531369991,0,1,140
141,0,0.09,926076,63350.0,0.0,927226,63569.00000000001,0.0,19.710000000000036,0.0034569850039463364,0,1,141
142,0,0.16325611587311548,929195,63932.0,0.0,930370,62654.0,0.0,-208.64131608584285,-0.01998998936369905,0,1,142
143,0,0.08,949792,64565.99999999999,0.0,951040,64779.0,0.0,17.039999999999964,0.003298949911718235,0,1,143
144,0,0.08,975850,65937.0,0.0,977080,67754.0,0.0,145.35999999999967,0.027556607064318908,0,1,144
145,0,0.04,982627,66524.0,0.0,983878,66946.0,0.0,16.88000000000011,0.00634357525103726,0,1,145
146,0,0.12,1021984,67683.0,0.0,1023223,67670.0,0.0,-1.5600000000004002,-0.0001920718644268625,0,1,146
147,0,0.09,1031356,68360.0,0.0,1032574,69140.0,0.0,70.19999999999982,0.011410181392627238,0,1,147
148,0,0.1,1037950,67432.0,0.0,1039162,68101.0,0.0,66.89999999999964,0.009921105706489446,0,1,148
149,0,0.13,1041898,67339.0,0.0,1043123,67243.0,0.0,-12.479999999999563,-0.0014256225961180985,0,1,149
150,0,0.13,1044502,68147.0,0.0,1045673,68762.0,0.0,79.94999999999891,0.009024608566774643,0,1,150
151,0,0.15,1048337,68487.0,0.0,1049535,67964.0,0.0,-78.44999999999891,-0.007636485756420821,0,1,151
152,0,0.09,1050992,66548.0,0.0,1052224,67092.0,0.0,48.960000000000036,0.008174550700246445,0,1,152
153,0,0.1,1057662,65770.0,0.0,1058852,66104.0,0.0,33.400000000000546,0.005078303177740694,0,1,153
154,0,0.1,1064126,65297.00000000001,0.0,1065328,65495.00000000001,0.0,19.800000000000182,0.003032298574207112,0,1,154
155,0,0.1,1070398,66135.0,0.0,1071577,66991.0,0.0,85.60000000000036,0.0129432221970213,0,1,155
156,0,0.09,1076830,65840.0,0.0,1078015,64810.0,0.0,-92.69999999999982,-0.015643985419198026,0,1,156
157,0,0.11,1080743,64630.99999999999,0.0,1081962,65115.0,0.0,53.24000000000069,0.007488666429422512,0,1,157
158,0,0.08,1089851,65154.99999999999,0.0,1091026,65375.0,0.0,17.600000000000364,0.003376563579157464,0,1,158
159,0,0.1,1093735,64000.0,0.0,1094960,64275.0,0.0,27.5,0.004296875,0,1,159
160,0,0.12,1102489,64841.0,0.0,1103656,65527.0,0.0,82.31999999999971,0.010579725790780488,0,1,160
161,0,0.12,1106347,66392.0,0.0,1107533,66045.0,0.0,-41.64000000000033,-0.0052265333172671815,0,1,161
162,0,0.07,1121896,66302.0,0.0,1123130,66140.0,0.0,-11.340000000000146,-0.002443365207686074,0,1,162
163,0,0.09,1135257,66092.0,0.0,1136481,67219.0,0.0,101.43000000000029,0.017051988137747432,0,1,163
164,0,0.04,1141956,65250.0,0.0,1143147,65675.0,0.0,17.0,0.006513409961685823,0,1,164
165,0,0.12,1159007,68148.0,0.0,1160227,68190.0,0.0,5.039999999999964,0.0006163056876210556,0,1,165
166,0,0.08,1161736,69468.0,0.0,1162950,70033.0,0.0,45.19999999999982,0.008133241204583372,0,1,166
167,0,0.1,1165777,71078.0,0.0,1167001,71139.0,0.0,6.100000000000364,0.0008582121050114471,0,1,167
168,0,0.1,1175319,73285.0,0.0,1176550,73041.0,0.0,-24.399999999999636,-0.00332946714880257,0,1,168
169,0,0.08,1186138,73187.0,0.0,1187376,72749.0,0.0,-35.039999999999964,-0.005984669408501503,0,1,169
170,0,0.07,1188880,73597.0,0.0,1190092,74177.0,0.0,40.599999999999454,0.00788075600907635,0,1,170
171,0,0.09,1192890,73783.0,0.0,1194128,74043.0,0.0,23.400000000000546,0.003523846956616105,0,1,171
172,0,0.1,1195627,74792.0,0.0,1196865,74929.0,0.0,13.699999999999818,0.0018317467108781443,0,1,172
173,0,0.08,1199761,76119.0,0.0,1201007,75413.0,0.0,-56.48000000000047,-0.00927495106346649,0,1,173
174,0,0.1417794210501443,1209488,76822.0,0.0,1210741,78483.0,0.0,235.49561836428984,0.02162141053344096,0,1,174
175,0,0.09,1220670,82428.0,0.0,1221930,83173.0,0.0,67.05000000000018,0.00903819090600284,0,1,175
176,0,0.08,1230558,78554.0,0.0,1231814,78586.0,0.0,2.5600000000004,0.00040736308781226933,0,1,176
177,0,0.06,1234782,80122.0,0.0,1236041,80250.0,0.0,7.680000000000291,0.0015975637153341762,0,1,177
178,0,0.05,1241689,81475.0,0.0,1242948,80498.0,0.0,-48.84999999999991,-0.011991408407486937,0,1,178
179,0,0.08,1248717,80190.0,0.0,1249972,79616.0,0.0,-45.92000000000007,-0.007157999750592355,0,1,179
180,0,0.07,1251526,80253.0,0.0,1252781,79558.0,0.0,-48.650000000000546,-0.008660112394552324,0,1,180
181,0,0.08,1255723,80111.0,0.0,1256979,81396.0,0.0,102.80000000000018,0.016040244161226326,0,1,181
182,0,0.07,1258529,79908.0,0.0,1259782,79474.0,0.0,-30.38000000000011,-0.0054312459328227656,0,1,182
183,0,0.08,1271570,82496.0,0.0,1272804,83915.0,0.0,113.51999999999953,0.01720083397982925,0,1,183
184,0,0.05,1277735,86436.0,0.0,1278989,86056.0,0.0,-19.0,-0.004396316349669119,0,1,184
185,0,0.1271929437477737,1281951,88276.0,0.0,1283207,87588.0,0.0,-87.50874529846806,-0.0077937378222846295,0,1,185
186,0,0.04,1296024,88898.0,0.0,1297283,88869.0,0.0,-1.1599999999998545,-0.00032621656280227185,0,1,186
187,0,0.04,1298845,91268.0,0.0,1300088,91330.0,0.0,2.480000000000018,0.0006793180523294084,0,1,187
188,0,0.05,1310090,88688.99999999999,0.0,1311340,89955.0,0.0,63.30000000000018,0.014274600006765255,0,1,188
189,0,0.05,1317099,90680.0,0.0,1318355,90500.0,0.0,-9.0,-0.001985002205558006,0,1,189
190,0,0.08,1324021,92856.0,0.0,1325280,94319.0,0.0,117.03999999999996,0.015755578530197288,0,1,190
191,0,0.11,1331049,95015.0,0.0,1332301,95831.0,0.0,89.76000000000022,0.008588117665631764,0,1,191
192,0,0.04,1338070,96701.0,0.0,1339329,98883.0,0.0,87.2800000000002,0.022564399540852785,0,1,192
193,0,0.04,1340890,97758.0,0.0,1342147,97294.0,0.0,-18.559999999999945,-0.004746414615683613,0,1,193
194,0,0.07,1347906,99351.0,0.0,1349143,99864.0,0.0,35.909999999999854,0.005163511187607552,0,1,194
195,0,0.04,1365421,88488.0,0.0,1366679,90276.0,0.0,71.51999999999998,0.02020612964469758,0,1,195
196,0,0.07,1382093,94163.0,0.0,1383336,91767.0,0.0,-167.72000000000025,-0.02544523857566139,0,1,196
197,0,0.05,1389015,88708.99999999999,0.0,1390258,88385.0,0.0,-16.199999999999818,-0.003652391527353441,0,1,197
198,0,0.07,1393163,87183.0,0.0,1394408,87684.0,0.0,35.07000000000062,0.005746533154399468,0,1,198
199,0,0.06,1395953,85242.0,0.0,1397196,85641.0,0.0,23.94000000000051,0.004680791159287775,0,1,199
200,0,0.07,1402875,88237.0,0.0,1404116,88490.0,0.0,17.710000000000036,0.0028672778992939528,0,1,200
201,0,0.05,1407045,86573.0,0.0,1408288,86337.0,0.0,-11.800000000000182,-0.0027260231249928222,0,1,201
202,0,0.07,1420753,90574.0,0.0,1422004,90264.0,0.0,-21.699999999999818,-0.0034226157616975886,0,1,202
203,0,0.05,1423548,87748.0,0.0,1424779,88584.0,0.0,41.79999999999927,0.009527282673109191,0,1,203
204,0,0.06,1427673,88096.0,0.0,1428914,87823.0,0.0,-16.38000000000011,-0.0030988921176898134,0,1,204
205,0,0.05,1434582,86856.0,0.0,1435835,88124.0,0.0,63.399999999999636,0.014598876301003877,0,1,205
206,0,0.05,1451172,91461.0,0.0,1452416,92631.0,0.0,58.5,0.012792337717715747,0,1,206
207,0,0.05,1455346,93923.0,0.0,1456599,94423.0,0.0,25.0,0.005323509683464114,0,1,207
208,0,0.06,1464930,94552.0,0.0,1466177,96351.0,0.0,107.9399999999996,0.01902656739148821,0,1,208
209,0,0.05,1476061,94638.0,0.0,1477305,91840.0,0.0,-139.90000000000055,-0.02956529089794808,0,1,209
210,0,0.07,1483009,91893.0,0.0,1484244,90724.0,0.0,-81.82999999999993,-0.012721317184116298,0,1,210
211,0,0.07,1489931,87325.0,0.0,1491158,87822.0,0.0,34.789999999999964,0.005691382765531055,0,1,211
212,0,0.03,1496900,81460.0,0.0,1498159,82669.0,0.0,36.26999999999998,0.014841640068745391,0,1,212
213,0,0.03,1499702,80412.0,0.0,1500961,78638.0,0.0,-53.220000000000255,-0.022061383873053876,0,1,213
214,0,0.02,1524765,77647.0,0.0,1526025,75322.0,0.0,-46.5,-0.029943204502427653,0,1,214
215,0,0.03,1545850,87052.0,0.0,1547104,87029.0,0.0,-0.6900000000000546,-0.0002642098975325302,0,1,215
216,0,0.02,1548655,83164.0,0.0,1549910,83643.0,0.0,9.580000000000155,0.005759703717954977,0,1,216
217,0,0.03,1552858,88459.0,0.0,1554117,90658.0,0.0,65.9699999999998,0.024858974214042588,0,1,217
218,0,0.03,1555687,91398.0,0.0,1556946,84381.0,0.0,-210.51000000000022,-0.07677410884264434,0,1,218
219,0,0.02,1562744,80042.0,0.0,1564004,78386.0,0.0,-33.12000000000012,-0.02068913820244379,0,1,219
220,0,0.03,1566972,77505.0,0.0,1568229,72656.0,0.0,-145.47000000000025,-0.06256370556738286,0,1,220
221,0,0.02,1581100,76487.0,0.0,1582359,73944.0,0.0,-50.8599999999999,-0.03324747996391537,0,1,221
222,0,0.03,1618970,81973.0,0.0,1620230,81995.0,0.0,0.6599999999998545,0.0002683810522976486,0,1,222
223,0,0.04,1623197,85323.0,0.0,1624456,86723.0,0.0,56.0,0.01640823693494134,0,1,223
224,0,0.04,1642634,86060.0,0.0,1643893,83966.0,0.0,-83.76000000000022,-0.0243318614919824,0,1,224
225,0,0.04,1645454,85536.0,0.0,1646714,85193.0,0.0,-13.7199999999998,-0.004010007482229646,0,1,225
226,0,0.02,1656696,85360.0,0.0,1657954,85418.0,0.0,1.1600000000000819,0.0006794751640112944,0,1,226
227,0,0.03,1666546,90581.0,0.0,1667804,92726.0,0.0,64.34999999999991,0.023680462790209834,0,1,227
228,0,0.04,1670768,89829.0,0.0,1672021,90613.0,0.0,31.360000000000127,0.00872769372919662,0,1,228
229,0,0.04,1677769,91558.0,0.0,1679021,93899.0,0.0,93.63999999999987,0.025568492103366137,0,1,229
230,0,0.04,1680583,94252.0,0.0,1681840,94088.0,0.0,-6.559999999999945,-0.0017400161269787234,0,1,230
231,0,0.05,1684738,96818.0,0.0,1685997,98373.0,0.0,77.75,0.01606106302547047,0,1,231
232,0,0.04,1705883,89511.0,0.0,1707134,90617.0,0.0,44.24000000000024,0.012356023282054785,0,1,232
233,0,0.03,1715791,95317.0,0.0,1717048,95155.0,0.0,-4.859999999999673,-0.0016995918881205776,0,1,233
234,0,0.04,1720011,92912.0,0.0,1721262,93401.0,0.0,19.559999999999945,0.005263044601343192,0,1,234
235,0,0.05,1729815,90536.0,0.0,1731071,89178.0,0.0,-67.89999999999964,-0.01499955818679854,0,1,235
236,0,0.07,1743149,87596.0,0.0,1744375,86710.0,0.0,-62.01999999999953,-0.01011461710580384,0,1,236
237,0,0.06,1750089,90413.0,0.0,1751333,91146.0,0.0,43.98000000000047,0.008107241215312045,0,1,237
238,0,0.06,1754273,89093.0,0.0,1755521,89807.0,0.0,42.840000000000146,0.008014097628320995,0,1,238
239,0,0.1,1768157,92336.0,0.0,1769416,92596.0,0.0,26.0,0.0028158031536995322,0,1,239
240,0,0.07,1777967,95297.0,0.0,1779216,95685.0,0.0,27.159999999999854,0.004071481788513782,0,1,240
241,0,0.08,1817124,92742.0,0.0,1818370,93993.0,0.0,100.07999999999993,0.013489034094584967,0,1,241
242,0,0.07,1844887,93724.0,0.0,1846142,92885.0,0.0,-58.72999999999956,-0.008951815970295695,0,1,242
243,0,0.07,1851859,96598.0,0.0,1853108,96434.0,0.0,-11.479999999999563,-0.0016977577175510232,0,1,243
244,0,0.04,1882565,99368.0,0.0,1883824,99370.0,0.0,0.07999999999992724,2.01272039288119e-05,0,1,244
245,0,0.06,1886628,99929.0,0.0,1887884,99010.0,0.0,-55.14000000000033,-0.009196529535970594,0,1,245
246,0,0.05,1914772,103983.0,0.0,1916032,104277.0,0.0,14.699999999999818,0.0028273852456651215,0,1,246
247,0,0.06,1924597,105047.0,0.0,1925851,105204.0,0.0,9.420000000000073,0.0014945690976420195,0,1,247
248,0,0.08,1935856,103954.0,0.0,1937111,102710.99999999999,0.0,-99.44000000000051,-0.011957211843700159,0,1,248
249,0,0.08,1938679,104618.0,0.0,1939930,104489.00000000001,0.0,-10.319999999999709,-0.0012330574088588613,0,1,249
250,0,0.04,1942925,108183.99999999999,0.0,1944183,109120.0,0.0,37.44000000000051,0.00865192634770403,0,1,250
251,0,0.05,1952817,110466.00000000001,0.0,1954074,111836.99999999999,0.0,68.54999999999836,0.012411058606267693,0,1,251
252,0,0.04,1988041,110336.99999999999,0.0,1989300,111143.0,0.0,32.24000000000069,0.007304893190860884,0,1,252
253,0,0.04,1992282,108504.0,0.0,1993540,108705.0,0.0,8.039999999999964,0.0018524662685246544,0,1,253
254,0,0.05,2011894,112964.00000000001,0.0,2013154,113718.0,0.0,37.69999999999982,0.006674692822492089,0,1,254
255,0,0.04,2021638,109457.99999999999,0.0,2022897,109322.0,0.0,-5.4399999999996,-0.0012424857022784082,0,1,255
256,0,0.03,2035785,106427.0,0.0,2037045,106648.0,0.0,6.630000000000109,0.0020765407274470167,0,1,256
257,0,0.05,2040021,107763.00000000003,0.0,2041280,107176.0,0.0,-29.350000000001273,-0.005447138628286381,0,1,257
258,0,0.06,2046917,111805.0,0.0,2048175,111489.00000000001,0.0,-18.959999999999127,-0.0028263494476989887,0,1,258
259,0,0.05,2053998,110499.00000000001,0.0,2055258,109546.0,0.0,-47.650000000000546,-0.008624512439026694,0,1,259
260,0,0.06,2061054,113419.0,0.0,2062312,113916.00000000001,0.0,29.820000000001528,0.004381981854892262,0,1,260
261,0,0.05,2068108,112250.0,0.0,2069368,110686.99999999999,0.0,-78.15000000000055,-0.01392427616926513,0,1,261
262,0,0.06,2075148,112680.0,0.0,2076402,111872.0,0.0,-48.48000000000047,-0.007170749023784237,0,1,262
263,0,0.08,2092184,112543.0,0.0,2093209,112370.0,0.0,-13.840000000000146,-0.0015371902295122915,0,1,263
264,0,0.03,2127270,120408.0,0.0,2128530,120711.99999999999,0.0,9.119999999999436,0.0025247491861004356,0,1,264
265,0,0.04,2131515,123039.00000000001,0.0,2132772,123926.0,0.0,35.47999999999956,0.00720909630279821,0,1,265
266,0,0.06,2155431,120596.0,0.0,2156687,121845.0,0.0,74.94000000000051,0.010356894092673128,0,1,266
267,0,0.05,2159683,123610.99999999999,0.0,2160942,123246.0,0.0,-18.24999999999909,-0.002952811642976611,0,1,267
268,0,0.06,2166738,123282.0,0.0,2167986,122985.99999999999,0.0,-17.760000000001128,-0.002400999334858445,0,1,268
269,0,0.07,2169542,124424.99999999999,0.0,2170791,125551.0,0.0,78.82000000000153,0.009049628290134795,0,1,269
270,0,0.04,2183627,120169.0,0.0,2184886,121101.0,0.0,37.279999999999745,0.007755743993875239,0,1,270
271,0,0.05,2187698,119390.00000000001,0.0,2188952,120233.0,0.0,42.149999999999636,0.007060892872099779,0,1,271
272,0,0.08,2201789,119029.0,0.0,2203046,118394.0,0.0,-50.79999999999927,-0.005334834368095094,0,1,272
273,0,0.07,2208816,116150.0,0.0,2210075,116278.0,0.0,8.960000000000036,0.0011020232458028455,0,1,273
274,0,0.08,2243901,124699.0,0.0,2245155,124446.0,0.0,-20.23999999999978,-0.002028885556419837,0,1,274
275,0,0.06,2253674,124428.0,0.0,2254914,124508.99999999999,0.0,4.859999999999673,0.0006509788793518706,0,1,275
276,0,0.05,2257879,126883.0,0.0,2259136,126645.0,0.0,-11.900000000000546,-0.0018757437954651994,0,1,276
277,0,0.05,2272018,130923.0,0.0,2273274,130919.0,0.0,-0.1999999999998181,-3.0552309372656916e-05,0,1,277
278,0,0.07,2279055,134017.0,0.0,2280311,134830.0,0.0,56.909999999999854,0.006066394561883924,0,1,278
279,0,0.03,2281866,133543.0,0.0,2283126,134667.0,0.0,33.7199999999998,0.008416764637607313,0,1,279
280,0,0.04,2288898,138010.0,0.0,2290158,136743.0,0.0,-50.68000000000029,-0.009180494167089394,0,1,280
281,0,0.03,2293132,133289.0,0.0,2294390,134401.0,0.0,33.35999999999967,0.008342773972345723,0,1,281
282,0,0.04,2295961,132267.0,0.0,2297220,132733.0,0.0,18.639999999999418,0.003523176604897559,0,1,282
283,0,0.06,2303028,134160.0,0.0,2304286,135719.0,0.0,93.53999999999996,0.011620453190220629,0,1,283
284,0,0.03,2310084,139050.0,0.0,2311343,139405.0,0.0,10.649999999999636,0.002553038475368485,0,1,284
285,0,0.03,2314317,139539.0,0.0,2315577,140372.0,0.0,24.98999999999978,0.005969657228445042,0,1,285
286,0,0.04,2321375,133878.0,0.0,2322635,133492.0,0.0,-15.4399999999996,-0.002883222037974798,0,1,286
287,0,0.05,2335256,138275.0,0.0,2336516,138685.0,0.0,20.5,0.0029651057674923162,0,1,287
288,0,0.03,2342326,140178.0,0.0,2343586,138076.0,0.0,-63.0600000000004,-0.014995220362681827,0,1,288
289,0,0.06,2352239,136984.0,0.0,2353499,137623.0,0.0,38.340000000000146,0.004664778368276605,0,1,289
290,0,0.08,2359261,137808.0,0.0,2360019,138386.0,0.0,46.2400000000016,0.0041942412632069255,0,1,290
291,0,0.06,2362968,140460.0,0.0,2364219,141058.0,0.0,35.8799999999992,0.004257439840523897,0,1,291
292,0,0.04,2369978,138398.0,0.0,2371234,137637.0,0.0,-30.4399999999996,-0.005498634373329022,0,1,292
293,0,0.08,2383945,136846.0,0.0,2385205,136910.0,0.0,5.1200000000008,0.0004676789968286249,0,1,293
294,0,0.04,2386779,134808.0,0.0,2388039,134223.0,0.0,-23.399999999999636,-0.004339505073882788,0,1,294
295,0,0.07,2391031,133211.0,0.0,2392289,134328.0,0.0,78.19000000000051,0.008385193414958279,0,1,295
296,0,0.04,2393861,131487.0,0.0,2395121,133586.0,0.0,83.96000000000004,0.015963555332466333,0,1,296
297,0,0.04,2422023,140242.0,0.0,2423283,140839.0,0.0,23.88000000000011,0.0042569273113618085,0,1,297
298,0,0.05,2426265,143293.0,0.0,2427525,143358.0,0.0,3.25,0.00045361601753051437,0,1,298
299,0,0.06,2429099,141412.0,0.0,2430358,142817.0,0.0,84.30000000000109,0.009935507594829423,0,1,299
300,0,0.04,2440404,139370.0,0.0,2441664,139658.0,0.0,11.519999999999527,0.0020664418454472856,0,1,300
301,0,0.05,2461623,145424.0,0.0,2462883,146017.0,0.0,29.649999999999636,0.004077731323577901,0,1,301
302,0,0.05,2468693,145266.0,0.0,2469953,145568.0,0.0,15.100000000000364,0.0020789448322388396,0,1,302
303,0,0.06,2471528,147690.0,0.0,2472788,148662.0,0.0,58.31999999999971,0.006581352833637993,0,1,303
304,0,0.02,2492258,147396.0,0.0,2493518,149070.0,0.0,33.48000000000002,0.011357160302857614,0,1,304
305,0,0.04,2541705,152247.0,0.0,2542965,149967.0,0.0,-91.19999999999982,-0.01497566454511416,0,1,305
306,0,0.07,2552891,151365.0,0.0,2554151,152815.0,0.0,101.5,0.009579493277838337,0,1,306
307,0,0.05,2567035,159040.0,0.0,2568295,160032.0,0.0,49.600000000000364,0.006237424547283748,0,1,307
308,0,0.03,2581182,165797.0,0.0,2582442,165915.0,0.0,3.5399999999999636,0.0007117137222024451,0,1,308
309,0,0.03,2598169,182368.0,0.0,2599429,184752.0,0.0,71.51999999999953,0.013072468854184859,0,1,309
310,0,0.02,2602395,183322.0,0.0,2603655,176458.0,0.0,-137.2800000000002,-0.03744231461581267,0,1,310
311,0,0.02,2609470,183533.0,0.0,2610730,182507.0,0.0,-20.519999999999982,-0.005590275318335117,0,1,311
312,0,0.02,2616406,186916.0,0.0,2617666,181738.0,0.0,-103.55999999999995,-0.02770228337862996,0,1,312
313,0,0.02,2626308,178866.0,0.0,2627568,180829.0,0.0,39.25999999999976,0.010974696141245336,0,1,313
314,0,0.01,2633333,174116.0,0.0,2634593,164500.0,0.0,-96.16000000000008,-0.055227549449792135,0,1,314
315,0,0.01,2644522,162536.0,0.0,2645782,163763.0,0.0,12.269999999999982,0.007549096815474714,0,1,315
316,0,0.02,2658516,165198.0,0.0,2659776,164192.0,0.0,-20.11999999999989,-0.006089662102446727,0,1,316
317,0,0.03,2661320,161230.0,0.0,2662580,163909.0,0.0,80.36999999999989,0.01661601438938161,0,1,317
318,0,0.03,2665514,169567.0,0.0,2666774,172028.0,0.0,73.82999999999993,0.014513437166429773,0,1,318
319,0,0.03,2668319,174363.0,0.0,2669579,174423.0,0.0,1.800000000000182,0.00034410970217308757,0,1,319
320,0,0.03,2682350,175226.0,0.0,2683610,178775.0,0.0,106.47000000000025,0.02025384360768384,0,1,320
321,0,0.02,2689348,172275.0,0.0,2690608,172279.0,0.0,0.07999999999992724,2.3218691046271147e-05,0,1,321
322,0,0.02,2714137,163137.0,0.0,2715397,157314.0,0.0,-116.46000000000004,-0.03569392596406702,0,1,322
323,0,0.06,2726792,158950.0,0.0,2728052,155363.0,0.0,-215.22000000000116,-0.02256684491978622,0,1,323
324,0,0.03,2729594,154887.0,0.0,2730854,156284.0,0.0,41.909999999999854,0.009019478716741853,0,1,324
325,0,0.03,2732383,160755.0,0.0,2733643,161215.0,0.0,13.800000000000182,0.0028614973095705022,0,1,325
326,0,0.04,2755985,171947.0,0.0,2757245,173769.0,0.0,72.88000000000011,0.010596288391190324,0,1,326
327,0,0.05,2780999,175669.0,0.0,2782259,177783.0,0.0,105.69999999999891,0.012033995753376965,0,1,327
328,0,0.04,2783820,177813.0,0.0,2785080,177241.0,0.0,-22.88000000000011,-0.0032168626590856836,0,1,328
329,0,0.03,2795086,167417.0,0.0,2796346,168479.0,0.0,31.859999999999673,0.006343441824904215,0,1,329
330,0,0.03,2802126,167625.0,0.0,2803386,164258.0,0.0,-101.01000000000022,-0.020086502609992587,0,1,330
331,0,0.03,2823262,164665.0,0.0,2824522,161856.0,0.0,-84.27000000000044,-0.01705887711414092,0,1,331
332,0,0.06,2853377,163485.0,0.0,2854637,164275.0,0.0,47.399999999999636,0.004832247606814044,0,1,332
333,0,0.04,2857579,160615.0,0.0,2858839,159090.0,0.0,-61.0,-0.009494754537247454,0,1,333
334,0,0.05,2864617,154375.0,0.0,2865877,153925.0,0.0,-22.5,-0.0029149797570850204,0,1,334
335,0,0.04,2867442,157395.0,0.0,2868702,159114.0,0.0,68.76000000000022,0.01092156675879161,0,1,335
336,0,0.02,2888400,159035.0,0.0,2889660,159442.0,0.0,8.139999999999873,0.0025591850850441326,0,1,336
337,0,0.04,2902466,156565.0,0.0,2903726,157249.0,0.0,27.359999999999673,0.004368792514291136,0,1,337
338,0,0.06,2906676,157158.0,0.0,2907936,157507.0,0.0,20.94000000000051,0.0022206950966543763,0,1,338
339,0,0.04,2920668,156925.0,0.0,2921928,157652.0,0.0,29.079999999999927,0.004632786362912208,0,1,339
340,0,0.04,2923477,156986.0,0.0,2924737,158818.0,0.0,73.27999999999975,0.011669830430739006,0,1,340
341,0,0.04,2937592,161409.0,0.0,2938852,162425.0,0.0,40.63999999999942,0.006294568456529595,0,1,341
342,0,0.03,2944631,158948.0,0.0,2945891,160298.0,0.0,40.5,0.008493343735058008,0,1,342
343,0,0.06,2955894,159915.0,0.0,2957154,160394.0,0.0,28.73999999999978,0.002995341275052349,0,1,343
344,0,0.07,2958731,161460.0,0.0,2959991,161531.0,0.0,4.970000000001164,0.00043973739625923836,0,1,344
345,0,0.0745047234105032,2962955,163665.0,0.0,2964215,165460.0,0.0,133.7359785218523,0.010967525127547046,0,1,345
346,0,0.05,2965784,166975.0,0.0,2967044,167015.0,0.0,2.0,0.00023955681988321604,0,1,346
347,0,0.05,2976936,169535.0,0.0,2978196,169357.0,0.0,-8.899999999999636,-0.0010499306927772597,0,1,347
348,0,0.03,2986793,176959.0,0.0,2988053,177098.0,0.0,4.170000000000073,0.0007854926847461979,0,1,348
349,0,0.05,3000873,177725.0,0.0,3002133,177243.0,0.0,-24.100000000000364,-0.0027120551413701353,0,1,349
350,0,0.05,3012142,176465.0,0.0,3013402,176285.0,0.0,-9.0,-0.0010200323010228656,0,1,350
351,0,0.07,3026285,170835.0,0.0,3027545,170150.0,0.0,-47.94999999999891,-0.004009716978370851,0,1,351
352,0,0.04,3040470,171115.0,0.0,3041730,171818.0,0.0,28.11999999999989,0.00410834818689184,0,1,352
353,0,0.07047222051190354,3061372,174138.0,0.0,3062632,171895.0,0.0,-158.06919060819928,-0.012880588958182561,0,1,353
354,0,0.06,3068417,169525.0,0.0,3069677,169345.0,0.0,-10.800000000001091,-0.001061790296416565,0,1,354
355,0,0.05,3078390,169659.0,0.0,3079650,169535.0,0.0,-6.200000000000728,-0.0007308778196265128,0,1,355
356,0,0.04,3082651,167535.0,0.0,3083911,166940.0,0.0,-23.800000000000182,-0.0035514967021816604,0,1,356
357,0,0.04,3085513,164735.0,0.0,3086773,165621.0,0.0,35.4399999999996,0.005378334901508422,0,1,357
358,0,0.03,3096618,166134.0,0.0,3097878,165665.0,0.0,-14.069999999999709,-0.002823022379524904,0,1,358
359,0,0.05,3103506,167321.0,0.0,3104764,166315.0,0.0,-50.30000000000109,-0.006012395335911342,0,1,359
360,0,0.07169486665889038,3107639,167991.0,0.0,3108899,168017.0,0.0,1.8640665331313357,0.0001547701960224214,0,1,360
361,0,0.05,3116997,166747.99999999997,0.0,3118257,165875.0,0.0,-43.649999999999636,-0.005235445102789795,0,1,361
362,0,0.06,3123892,166269.0,0.0,3125118,166755.0,0.0,29.159999999999854,0.002922974216480508,0,1,362
363,0,0.05,3137637,163481.0,0.0,3138897,160905.0,0.0,-128.80000000000018,-0.015757182791884095,0,1,363
364,0,0.04,3148429,161359.0,0.0,3149689,159696.0,0.0,-66.52000000000044,-0.01030621161509436,0,1,364
365,0,0.05,3151191,158048.0,0.0,3152451,157603.0,0.0,-22.25,-0.0028156003239522167,0,1,365
366,0,0.07416596403683083,3162154,159290.0,0.0,3163411,158829.0,0.0,-34.19050942097965,-0.002894092535626898,0,1,366
367,0,0.07291001084396871,3171801,161565.0,0.0,3173055,160785.0,0.0,-56.869808458295665,-0.004827778293566063,0,1,367
368,0,0.07,3181429,157605.0,0.0,3182687,155865.0,0.0,-121.79999999999927,-0.011040258875035625,0,1,368
369,0,0.06,3204813,146415.0,0.0,3206073,145670.0,0.0,-44.70000000000073,-0.0050882764744050275,0,1,369
370,0,0.05,3215833,145005.0,0.0,3217091,147312.0,0.0,115.35000000000036,0.01590979621392371,0,1,370
371,0,0.08,3256805,136790.0,0.0,3258064,135055.0,0.0,-138.8000000000011,-0.012683675707288643,0,1,371
372,0,0.02,3259553,128023.0,0.0,3260813,129404.0,0.0,27.61999999999989,0.010787124188622314,0,1,372
373,0,0.05,3304587,128252.0,0.0,3305842,128511.99999999999,0.0,12.99999999999909,0.0020272588341700855,0,1,373
374,0,0.05,3307341,131368.0,0.0,3308601,131297.0,0.0,-3.550000000000182,-0.0005404664758541169,0,1,374
375,0,0.02,3314215,136444.0,0.0,3315475,137293.0,0.0,16.980000000000018,0.006222332971768644,0,1,375
376,0,0.05,3331888,141146.0,0.0,3333145,139354.0,0.0,-89.59999999999945,-0.012696073569211944,0,1,376
377,0,0.04,3334642,136684.0,0.0,3335902,138882.0,0.0,87.92000000000007,0.016080887302098286,0,1,377
378,0,0.06,3338767,136526.0,0.0,3340025,136390.0,0.0,-8.159999999999854,-0.000996147254002883,0,1,378
379,0,0.06,3341519,132274.0,0.0,3342775,132364.0,0.0,5.400000000000546,0.0006804058242739245,0,1,379
380,0,0.03,3348384,136774.0,0.0,3349634,132657.0,0.0,-123.51000000000022,-0.030100750142571006,0,1,380
381,0,0.03,3359387,128954.0,0.0,3360647,131621.0,0.0,80.00999999999976,0.0206817935077624,0,1,381
382,0,0.04,3369024,128724.0,0.0,3370283,126978.0,0.0,-69.84000000000015,-0.013563904167055123,0,1,382
383,0,0.05,3379742,134104.0,0.0,3381000,133354.0,0.0,-37.5,-0.005592674342301497,0,1,383
384,0,0.06,3382468,134626.0,0.0,3383727,135184.0,0.0,33.48000000000047,0.004144816008794794,0,1,384
385,0,0.06,3389360,132294.0,0.0,3390619,131514.0,0.0,-46.79999999999927,-0.00589595900040809,0,1,385
386,0,0.06,3400363,126764.0,0.0,3401622,127359.99999999999,0.0,35.7599999999984,0.004701650310813585,0,1,386
387,0,0.08,3407262,127510.99999999999,0.0,3408521,124504.0,0.0,-240.5599999999995,-0.023582279175914187,0,1,387
388,0,0.06,3420562,122447.0,0.0,3421822,124410.99999999999,0.0,117.83999999999924,0.01603959264008091,0,1,388
389,0,0.05,3427460,126144.00000000001,0.0,3428719,125279.0,0.0,-43.25,-0.0068572425164890915,0,1,389
390,0,0.05,3430218,122673.0,0.0,3431476,123771.0,0.0,54.899999999999636,0.008950624831870034,0,1,390
391,0,0.05,3437109,119173.0,0.0,3438369,120149.0,0.0,48.80000000000018,0.008189774529465597,0,1,391
392,0,0.09420727317009589,3442207,120922.99999999999,0.0,3443462,121424.0,0.0,47.19784385821913,0.004143132406572873,0,1,392
393,0,0.08,3465336,124285.99999999999,0.0,3466594,123646.0,0.0,-51.19999999999891,-0.005149413449624145,0,1,393
394,0,0.06,3468094,126254.99999999999,0.0,3469354,126833.99999999999,0.0,34.73999999999978,0.004585956991802276,0,1,394
395,0,0.05,3474994,124446.0,0.0,3476254,124424.0,0.0,-1.0999999999994543,-0.00017678350449182043,0,1,395
396,0,0.06,3486024,128641.00000000001,0.0,3487283,129076.0,0.0,26.099999999998545,0.0033815035641823034,0,1,396
397,0,0.08804463880484328,3488785,130020.00000000001,0.0,3490045,131844.0,0.0,160.59342118003406,0.014028610982925694,0,1,397
398,0,0.07,3509214,134879.0,0.0,3510474,133944.0,0.0,-65.44999999999891,-0.006932139176595202,0,1,398
399,0,0.08945408112981564,3568449,129034.99999999999,0.0,3569708,128870.0,0.0,-14.75992338641845,-0.0012787228271398255,0,1,399
400,0,0.08,3586121,126383.99999999999,0.0,3587379,125886.99999999999,0.0,-39.76000000000022,-0.003932459805038634,0,1,400
401,0,0.09122025294149819,3599895,125939.00000000001,0.0,3601151,126118.0,0.0,16.328425276527923,0.0014213230214627497,0,1,401
402,0,0.09,3602646,127274.0,0.0,3603905,127678.0,0.0,36.36000000000058,0.0031742539717460475,0,1,402
403,0,0.03,3609547,131927.0,0.0,3610807,131457.0,0.0,-14.099999999999909,-0.003562576273241997,0,1,403
404,0,0.07,3623340,132022.0,0.0,3631251,133791.0,0.0,123.82999999999993,0.013399281937858833,0,1,404
405,0,0.06,3634123,129414.0,0.0,3635381,129836.99999999999,0.0,25.37999999999829,0.003268579906346852,0,1,405
406,0,0.04,3636880,132142.0,0.0,3638140,130997.0,0.0,-45.80000000000018,-0.008664921069758325,0,1,406
407,0,0.08,3643766,129281.99999999999,0.0,3645026,130736.99999999999,0.0,116.39999999999964,0.011254466979161798,0,1,407
408,0,0.07,3650645,128261.99999999999,0.0,3651905,129376.0,0.0,77.98000000000138,0.00868534717999111,0,1,408
409,0,0.07,3657531,131146.0,0.0,3658791,131158.0,0.0,0.8400000000001455,9.150107513764871e-05,0,1,409
410,0,0.09261680172050557,3671331,127681.0,0.0,3672591,128019.0,0.0,31.304478981530337,0.0026472223745114317,0,1,410
411,0,0.09193885331030917,3677994,128963.00000000001,0.0,3679252,128698.0,0.0,-24.36379612723249,-0.0020548529423168355,0,1,411
412,0,0.08,3681889,126648.0,0.0,3683149,126990.00000000001,0.0,27.360000000000582,0.0027003979533826612,0,1,412
413,0,0.07,3691553,124073.0,0.0,3692813,123028.0,0.0,-73.14999999999964,-0.008422460970557613,0,1,413
414,0,0.09441103260359147,3729968,124843.0,0.0,3731228,124140.00000000001,0.0,-66.37095592032347,-0.005631072627219675,0,1,414
415,0,0.07,3732728,123217.99999999999,0.0,3733988,123074.0,0.0,-10.079999999999927,-0.001168660422990139,0,1,415
416,0,0.07,3739630,120008.99999999997,0.0,3740890,117209.99999999999,0.0,-195.9300000000003,-0.023323250756193323,0,1,416
417,0,0.07,3766951,119013.00000000001,0.0,3779043,122779.0,0.0,263.619999999999,0.03164360195944968,0,1,417
418,0,0.04,3812089,126163.00000000001,0.0,3813348,127548.0,0.0,55.399999999999636,0.01097786197221048,0,1,418
419,0,0.05,3822892,129308.0,0.0,3824152,128518.0,0.0,-39.5,-0.006109444117920005,0,1,419
420,0,0.04,3825654,126107.99999999999,0.0,3826914,128359.99999999999,0.0,90.07999999999993,0.017857709265074368,0,1,420
421,0,0.06,3843326,120936.99999999999,0.0,3844586,121103.0,0.0,9.960000000000946,0.001372615494017677,0,1,421
422,0,0.07,3870825,114939.00000000001,0.0,3872084,117071.0,0.0,149.23999999999978,0.018548969453362187,0,1,422
423,0,0.07,3880485,120436.0,0.0,3881745,119833.0,0.0,-42.20999999999913,-0.005006808595436477,0,1,423
424,0,0.09,3910858,121168.0,0.0,3912118,120460.99999999999,0.0,-63.63000000000102,-0.005834873894097545,0,1,424
425,0,0.06,3913620,118408.0,0.0,3914880,117728.0,0.0,-40.80000000000018,-0.005742855212485669,0,1,425
426,0,0.07,3927365,122139.00000000001,0.0,3928625,122482.0,0.0,24.01000000000022,0.002808275816897167,0,1,426
427,0,0.08,3931498,120874.0,0.0,3932758,121017.0,0.0,11.44000000000051,0.0011830501183050645,0,1,427
428,0,0.10045450830465108,3938158,118778.0,0.0,3939416,118767.0,0.0,-1.104999591350861,-9.26097425448905e-05,0,1,428
429,0,0.08,3961626,120128.0,0.0,3962886,120075.0,0.0,-4.239999999999782,-0.00044119605753860277,0,1,429
430,0,0.05,3979164,115458.0,0.0,3980424,115900.0,0.0,22.099999999999454,0.003828231911171067,0,1,430
431,0,0.08,4023311,115471.0,0.0,4024571,115905.0,0.0,34.719999999999345,0.00375851945510121,0,1,431
432,0,0.08,4037109,112490.0,0.0,4038369,112195.0,0.0,-23.600000000000364,-0.00262245532936265,0,1,432
433,0,0.1,4043769,111172.0,0.0,4045028,110795.0,0.0,-37.70000000000073,-0.0033911416543734685,0,1,433
434,0,0.07,4050668,113203.0,0.0,4051928,113909.99999999999,0.0,49.48999999999887,0.006245417524270415,0,1,434
435,0,0.08,4054806,112503.0,0.0,4056066,112992.0,0.0,39.1200000000008,0.004346550758646525,0,1,435
436,0,0.06,4057566,114995.0,0.0,4058826,114621.0,0.0,-22.44000000000051,-0.0032523153180573808,0,1,436
437,0,0.09,4061706,112600.0,0.0,4062966,111600.0,0.0,-90.0,-0.008880994671403197,0,1,437
438,0,0.07,4092064,114626.0,0.0,4093323,114155.0,0.0,-32.970000000000255,-0.0041090154066268005,0,1,438
439,0,0.07,4096202,112083.99999999999,0.0,4097462,110760.99999999999,0.0,-92.61000000000058,-0.01180364726455166,0,1,439
440,0,0.1,4098963,110588.00000000003,0.0,4100223,108832.0,0.0,-175.60000000000218,-0.015878757188845277,0,1,440
441,0,0.06,4105854,108426.0,0.0,4107114,108166.00000000001,0.0,-15.599999999998545,-0.002397948831460865,0,1,441
442,0,0.06,4126120,106390.00000000001,0.0,4127380,108671.0,0.0,136.85999999999876,0.021439984960992378,0,1,442
443,0,0.06,4139918,105252.0,0.0,4141178,106579.0,0.0,79.61999999999989,0.012607836430661634,0,1,443
444,0,0.06,4157648,110963.00000000001,0.0,4158908,110353.0,0.0,-36.60000000000127,-0.005497327938141733,0,1,444
445,0,0.09,4175349,111933.99999999999,0.0,4176609,112533.0,0.0,53.91000000000167,0.005351367770293376,0,1,445
446,0,0.07,4185009,115549.0,0.0,4186269,117300.0,0.0,122.5699999999988,0.01515374429895527,0,1,446
447,0,0.02,4191909,123866.0,0.0,4193169,123840.00000000001,0.0,-0.5199999999999818,-0.0002099042513684069,0,1,447
448,0,0.04,4198570,123105.0,0.0,4199830,122830.0,0.0,-11.0,-0.002233865399455749,0,1,448
449,0,0.05,4202710,123048.0,0.0,4203970,122930.0,0.0,-5.900000000000546,-0.0009589753592095028,0,1,449
450,0,0.04,4212370,126071.0,0.0,4213630,126163.00000000001,0.0,3.680000000000291,0.0007297475232210998,0,1,450
451,0,0.05,4226170,125860.0,0.0,4227430,125395.0,0.0,-23.25,-0.003694581280788177,0,1,451
452,0,0.05,4235830,123905.0,0.0,4237090,122583.0,0.0,-66.09999999999945,-0.010669464509099625,0,1,452
453,0,0.07,4242729,122933.99999999997,0.0,4243989,122323.0,0.0,-42.76999999999862,-0.004970146582719022,0,1,453
454,0,0.06,4245489,124025.0,0.0,4246749,123958.99999999999,0.0,-3.960000000000946,-0.0005321507760533421,0,1,454
455,0,0.07,4252389,122793.99999999999,0.0,4253649,123376.0,0.0,40.7400000000016,0.004739645259540555,0,1,455
456,0,0.06,4266189,126618.0,0.0,4267449,129269.0,0.0,159.0599999999995,0.020936991580975783,0,1,456
457,0,0.07,4291025,122713.00000000001,0.0,4292285,122402.0,0.0,-21.770000000000437,-0.0025343688117803833,0,1,457
458,0,0.06,4307345,126894.0,0.0,4308605,127424.0,0.0,31.800000000000182,0.004176714423061792,0,1,458
459,0,0.03,4314244,128117.0,0.0,4315504,129808.99999999999,0.0,50.75999999999976,0.01320667827064318,0,1,459
460,0,0.05,4338841,133332.0,0.0,4340101,134394.0,0.0,53.100000000000364,0.007965079650796562,0,1,460
461,0,0.05,4348501,133299.0,0.0,4349761,132306.0,0.0,-49.650000000000546,-0.007449418225193068,0,1,461
462,0,0.08,4393800,134789.0,0.0,4395060,134518.0,0.0,-21.68000000000029,-0.002010549822314904,0,1,462
463,0,0.08,4396560,133795.0,0.0,4397820,132890.0,0.0,-72.39999999999964,-0.006764079375163462,0,1,463
464,0,0.08,4400701,131970.0,0.0,4401961,132282.0,0.0,24.959999999999127,0.0023641736758353345,0,1,464
465,0,0.09,4414499,132725.0,0.0,4415759,132263.0,0.0,-41.57999999999993,-0.0034808815219438626,0,1,465
466,0,0.04,4421399,126688.00000000001,0.0,4422659,126704.0,0.0,0.6399999999994179,0.00012629451881776842,0,1,466
467,0,0.06,4424159,125546.0,0.0,4425419,125504.0,0.0,-2.519999999999527,-0.00033453873480630305,0,1,467
468,0,0.09370369959674203,4442098,127416.00000000001,0.0,4443358,126648.0,0.0,-71.96444129029987,-0.00602750047089864,0,1,468
469,0,0.07,4448994,128830.99999999999,0.0,4450254,129673.0,0.0,58.94000000000051,0.006535694048792661,0,1,469
470,0,0.06,4492709,112764.00000000001,0.0,4493969,113342.0,0.0,34.67999999999847,0.005125749352630046,0,1,470
471,0,0.08,4505128,115983.99999999999,0.0,4506387,115001.0,0.0,-78.63999999999942,-0.008475306938888061,0,1,471
472,0,0.06,4517539,119629.0,0.0,4518799,119749.0,0.0,7.199999999999818,0.0010031012547124607,0,1,472
473,0,0.07,4531075,118778.0,0.0,4532335,119035.99999999999,0.0,18.05999999999949,0.0021721194160534162,0,1,473
474,0,0.06,4535215,121130.00000000001,0.0,4536475,120879.0,0.0,-15.0600000000004,-0.002072153884256639,0,1,474
475,0,0.08,4558413,124911.99999999999,0.0,4559673,125640.00000000001,0.0,58.2400000000016,0.0058281029845012496,0,1,475
476,0,0.06,4565314,123516.00000000001,0.0,4566574,123458.0,0.0,-3.4800000000013824,-0.00046957479192997695,0,1,476
477,0,0.09825588554145916,4569456,121594.0,0.0,4570716,120904.0,0.0,-67.79656102360786,-0.005674622103064383,0,1,477
478,0,0.09,4572218,119995.0,0.0,4573478,120396.0,0.0,36.090000000000146,0.0033418059085795378,0,1,478
479,0,0.08,4578998,122642.0,0.0,4580258,122852.0,0.0,16.799999999999272,0.0017123008431042456,0,1,479
480,0,0.08,4583136,124574.0,0.0,4584396,124768.0,0.0,15.520000000000437,0.0015573073032896549,0,1,480
481,0,0.09,4592796,124369.0,0.0,4594056,124736.99999999999,0.0,33.11999999999898,0.0029589367125247346,0,1,481
482,0,0.09,4603835,127454.99999999999,0.0,4605095,128149.0,0.0,62.460000000000946,0.0054450590404457305,0,1,482
483,0,0.08,4625914,122816.0,0.0,4627174,122919.0,0.0,8.239999999999782,0.0008386529442417703,0,1,483
484,0,0.07,4630053,122380.99999999999,0.0,4631313,121943.0,0.0,-30.659999999999854,-0.003578986934246312,0,1,484
485,0,0.09710175030092794,4636952,123798.99999999999,0.0,4638212,125850.0,0.0,199.15568986720427,0.016567177440851795,0,1,485
486,0,0.06,4639712,124733.99999999999,0.0,4640972,125481.0,0.0,44.82000000000062,0.005988744047332808,0,1,486
487,0,0.09720300582795834,4650513,126180.0,0.0,4651773,126832.0,0.0,63.376359799829515,0.005167221429703653,0,1,487
488,0,0.09,4657412,129375.0,0.0,4658672,128682.0,0.0,-62.3700000000008,-0.005356521739130504,0,1,488
489,0,0.08,4660172,127747.0,0.0,4661432,126750.0,0.0,-79.76000000000022,-0.007804488559418246,0,1,489
490,0,0.09807588999285022,4698564,124254.0,0.0,4699824,124176.0,0.0,-7.649919419442085,-0.0006277463904582358,0,1,490
491,0,0.08,4728921,128861.99999999999,0.0,4730181,128668.0,0.0,-15.519999999998618,-0.0015054864894226594,0,1,491
492,0,0.05,4739960,131157.0,0.0,4741220,130786.99999999999,0.0,-18.50000000000091,-0.0028210465320190167,0,1,492
493,0,0.07,4742720,132067.0,0.0,4743980,132563.0,0.0,34.720000000001164,0.0037556694707990383,0,1,493
494,0,0.09,4763179,129189.0,0.0,4764439,129689.00000000001,0.0,45.0,0.0038702985548305195,0,1,494
495,0,0.06,4767318,129426.0,0.0,4768578,128383.0,0.0,-62.57999999999993,-0.00805865900205522,0,1,495
496,0,0.09459570738571761,4788014,128566.00000000001,0.0,4789274,128094.0,0.0,-44.64917388606045,-0.0036712661201252147,0,1,496
497,0,0.09,4790774,128991.99999999999,0.0,4792034,128095.0,0.0,-80.72999999999956,-0.006953919622922315,0,1,497
498,0,0.08,4831731,127501.0,0.0,4832991,128042.0,0.0,43.280000000000655,0.004243103975655157,0,1,498
499,0,0.08,4835870,126624.0,0.0,4837130,126433.0,0.0,-15.280000000000655,-0.001508402830427156,0,1,499
500,0,0.09670871777046983,4838630,124750.0,0.0,4839890,124783.0,0.0,3.1913876864255144,0.0002645290581162333,0,1,500
501,0,0.09324661502095982,4857943,129416.0,0.0,4859203,130328.0,0.0,85.04091289911412,0.007047042096804001,0,1,501
502,0,0.09205433312970891,4860702,132016.0,0.0,4861962,131508.0,0.0,-46.76360122989172,-0.00384801842200942,0,1,502
503,0,0.08,4863462,132106.0,0.0,4864722,131979.0,0.0,-10.159999999999854,-0.0009613492195660923,0,1,503
504,0,0.09231754150967204,4867601,131023.0,0.0,4868861,131762.0,0.0,68.22266317564754,0.005640231104462567,0,1,504
505,0,0.05,4883919,134705.0,0.0,4885179,134937.0,0.0,11.600000000000364,0.001722282023681432,0,1,505
506,0,0.06,4894959,132444.0,0.0,4896219,131500.0,0.0,-56.63999999999942,-0.007127540696445217,0,1,506
507,0,0.06,4908529,132996.0,0.0,4909789,132433.0,0.0,-33.779999999999745,-0.004233210021353994,0,1,507
508,0,0.07,4915429,131652.0,0.0,4916689,131755.0,0.0,7.209999999999127,0.000782365630601795,0,1,508
509,0,0.05,4918189,131710.0,0.0,4919449,132227.0,0.0,25.850000000000364,0.003925290410750948,0,1,509
510,0,0.06,4922329,133918.0,0.0,4923589,132567.0,0.0,-81.0600000000004,-0.010088262966890237,0,1,510
511,0,0.07,4958207,133828.0,0.0,4959467,134451.0,0.0,43.61000000000058,0.0046552291000389176,0,1,511
512,0,0.09260176687233086,4976128,130458.99999999997,0.0,4977388,130445.0,0.0,-1.2964247362106107,-0.00010731340881026356,0,1,512
513,0,0.09144369273837558,4985787,132097.0,0.0,4987047,131911.0,0.0,-17.008526849338523,-0.001408056201124986,0,1,513
514,0,0.07,4989924,129291.00000000003,0.0,4991184,129055.0,0.0,-16.520000000002256,-0.001825339737491644,0,1,514
515,0,0.09451107412664751,5024172,127455.0,0.0,5025432,126933.99999999999,0.0,-49.24026961998425,-0.004087717233533478,0,1,515
516,0,0.0960509586401162,5033829,124899.0,0.0,5035089,125232.0,0.0,31.984969227158217,0.00266615425263609,0,1,516
517,0,0.09594905797007962,5037967,125365.00000000001,0.0,5052781,122765.00000000001,0.0,-249.4675507222073,-0.02073944083276834,0,1,517
518,0,0.07,5054281,122324.99999999999,0.0,5055541,123066.00000000001,0.0,51.87000000000262,0.006057633353770998,0,1,518
519,0,0.09,5081868,117491.00000000001,0.0,5083128,118380.0,0.0,80.0099999999984,0.0075665370113453985,0,1,519
520,0,0.09961917352505582,5086001,119566.00000000001,0.0,5087261,119650.0,0.0,8.368010576103188,0.0007025408560960885,0,1,520
521,0,0.09,5092899,120228.00000000001,0.0,5094159,120632.0,0.0,36.35999999999876,0.0033602821306183773,0,1,521
522,0,0.10032216852898222,5099554,119174.0,0.0,5100814,119706.0,0.0,53.371393657418594,0.004464060952892413,0,1,522
523,0,0.1,5122990,118369.00000000001,0.0,5124250,119184.99999999999,0.0,81.59999999999854,0.006893696829406224,0,1,523
524,0,0.08,5127129,120454.0,0.0,5128389,119861.99999999999,0.0,-47.36000000000058,-0.004914739236555094,0,1,524
525,0,0.04,5136786,122317.0,0.0,5138046,121810.99999999999,0.0,-20.24000000000069,-0.004136792105758131,0,1,525
526,0,0.08,5157454,123405.0,0.0,5158714,123318.0,0.0,-6.959999999999127,-0.0007049957457152392,0,1,526
527,0,0.09897049308083507,5171224,121411.99999999999,0.0,5172484,122180.0,0.0,76.00933868608263,0.00632556913649403,0,1,527
528,0,0.09878695535889637,5184540,122407.00000000001,0.0,5185798,122189.00000000001,0.0,-21.535556268237997,-0.0017809439002670249,0,1,528
529,0,0.08,5188665,123868.0,0.0,5189924,123730.0,0.0,-11.040000000000873,-0.0011140891917203063,0,1,529
530,0,0.06,5205178,126207.0,0.0,5206438,125524.0,0.0,-40.98000000000047,-0.005411744198023944,0,1,530
531,0,0.08,5207740,126673.0,0.0,5208997,126583.99999999999,0.0,-7.1200000000008,-0.0007025964491249911,0,1,531
532,0,0.09092831352506975,5243264,132099.0,0.0,5244524,131774.0,0.0,-29.551701895648876,-0.0024602760051174745,0,1,532
533,0,0.08945854147374954,5260911,133939.0,0.0,5262169,133866.0,0.0,-6.530473527584036,-0.0005450242274468494,0,1,533
534,0,0.08,5263668,132579.0,0.0,5264928,132802.0,0.0,17.840000000000146,0.0016820160055514208,0,1,534
535,0,0.08,5270500,131376.0,0.0,5271760,129108.99999999999,0.0,-181.36000000000058,-0.017255815369626167,0,1,535
536,0,0.09112672416448689,5284234,129621.00000000001,0.0,5285486,130207.0,0.0,53.40026036038944,0.004520872389504797,0,1,536
537,0,0.08,5297962,129093.0,0.0,5299222,129196.0,0.0,8.239999999999782,0.0007978744006258842,0,1,537
538,0,0.09,5311702,129209.99999999999,0.0,5312960,129057.0,0.0,-13.769999999998618,-0.0011841188762478497,0,1,538
539,0,0.09291461566949238,5315833,127642.0,0.0,5317090,127429.0,0.0,-19.790813137600708,-0.001668729728459186,0,1,539
540,0,0.09205066324701842,5344680,128625.00000000001,0.0,5345940,127774.0,0.0,-78.33511442321287,-0.0066161321671525915,0,1,540
541,0,0.09160473414845115,5351555,128395.99999999999,0.0,5352815,128472.0,0.0,6.961959795282382,0.000591918751362979,0,1,541
542,0,0.09135797829139967,5358185,128819.0,0.0,5359445,130547.0,0.0,157.86658648753837,0.013414170269913577,0,1,542
543,0,0.08,5362320,132525.0,0.0,5363580,132948.0,0.0,33.840000000000146,0.003191850594227518,0,1,543
544,0,0.04,5382977,141783.0,0.0,5384237,140924.0,0.0,-34.35999999999967,-0.00605855426955271,0,1,544
545,0,0.05,5389871,142554.0,0.0,5391130,141771.0,0.0,-39.150000000000546,-0.005492655414790261,0,1,545
546,0,0.05,5399300,140486.0,0.0,5400560,141410.0,0.0,46.19999999999982,0.006577167831670033,0,1,546
547,0,0.04,5406195,144286.0,0.0,5407455,142495.0,0.0,-71.64000000000033,-0.012412846707234299,0,1,547
548,0,0.03,5419979,143912.0,0.0,5421239,144080.0,0.0,5.039999999999964,0.0011673800655956335,0,1,548
549,0,0.02,5431012,150085.0,0.0,5432272,151469.0,0.0,27.679999999999836,0.009221441183329392,0,1,549
550,0,0.06,5451466,154580.0,0.0,5452726,155480.0,0.0,54.0,0.005822227972570837,0,1,550
551,0,0.04,5454226,151868.0,0.0,5455486,150554.0,0.0,-52.5600000000004,-0.008652250638712632,0,1,551
552,0,0.05,5479059,147864.0,0.0,5480319,149897.0,0.0,101.64999999999964,0.013749120813720666,0,1,552
553,0,0.05,5481818,150684.0,0.0,5483078,150480.0,0.0,-10.200000000000728,-0.0013538265509278659,0,1,553
554,0,0.07974805564467906,5502484,150311.0,0.0,5503744,150530.0,0.0,17.46482418618507,0.0014569791964660235,0,1,554
555,0,0.07,5506618,148709.0,0.0,5507878,149575.0,0.0,60.6200000000008,0.00582345385955128,0,1,555
556,0,0.06,5513509,148437.0,0.0,5514769,149070.0,0.0,37.97999999999956,0.004264435417045567,0,1,556
557,0,0.04,5516269,146821.0,0.0,5517528,145842.0,0.0,-39.159999999999854,-0.006667983462856106,0,1,557
558,0,0.06,5520398,145810.0,0.0,5521656,146385.0,0.0,34.5,0.003943488100953295,0,1,558
559,0,0.08,5540646,147668.0,0.0,5541905,147501.0,0.0,-13.360000000000582,-0.0011309152964759275,0,1,559
560,0,0.08,5562462,151063.0,0.0,5563722,151073.0,0.0,0.7999999999992724,6.619754671885838e-05,0,1,560
561,0,0.07903332319428684,5567971,152921.0,0.0,5569231,154875.0,0.0,154.43111352163578,0.012777839538062078,0,1,561
562,0,0.06,5585662,155673.0,0.0,5586922,155889.0,0.0,12.960000000000946,0.00138752384806624,0,1,562
563,0,0.06,5599456,155359.0,0.0,5600716,155725.0,0.0,21.960000000000946,0.002355833907272934,0,1,563
564,0,0.07,5613008,160008.0,0.0,5614268,161091.0,0.0,75.80999999999949,0.006768411579420983,0,1,564
565,0,0.05,5615768,162138.0,0.0,5617028,164303.0,0.0,108.24999999999909,0.013352822903945908,0,1,565
566,0,0.02,5626808,164530.0,0.0,5628068,163792.0,0.0,-14.759999999999764,-0.004485504163374389,0,1,566
567,0,0.01,5636459,157553.0,0.0,5637719,152267.0,0.0,-52.8599999999999,-0.03355061471377879,0,1,567
568,0,0.01,5647485,162967.0,0.0,5648733,160942.0,0.0,-20.25,-0.012425828541974755,0,1,568
569,0,0.02,5654372,157679.0,0.0,5655632,158865.0,0.0,23.720000000000255,0.007521610360289022,0,1,569
570,0,0.02,5666789,172501.0,0.0,5668049,172074.0,0.0,-8.539999999999964,-0.0024753479689972706,0,1,570
571,0,0.02,5683348,168884.0,0.0,5684608,169906.0,0.0,20.4399999999996,0.006051490964212003,0,1,571
572,0,0.03,5690248,171465.0,0.0,5691508,170640.0,0.0,-24.75,-0.004811477561018284,0,1,572
573,0,0.04,5697147,172981.0,0.0,5698407,174244.0,0.0,50.52000000000044,0.007301379920338135,0,1,573
574,0,0.04,5704046,172713.0,0.0,5705306,173522.0,0.0,32.35999999999967,0.0046840712627306096,0,1,574
575,0,0.05,5707946,171100.0,0.0,5709206,171338.0,0.0,11.899999999999636,0.0013909994155464215,0,1,575
576,0,0.03,5717606,171434.0,0.0,5718866,168094.0,0.0,-100.19999999999982,-0.019482716380647913,0,1,576
577,0,0.06,5749103,179482.0,0.0,5750363,180904.0,0.0,85.31999999999971,0.007922800057944502,0,1,577
578,0,0.06934790868209105,5758756,179705.0,0.0,5760015,181030.0,0.0,91.88597900376953,0.007373194958403962,0,1,578
579,0,0.06,5762895,184231.0,0.0,5764155,186848.0,0.0,157.02000000000044,0.0142049926451032,0,1,579
580,0,0.03,5765655,188758.0,0.0,5766915,190166.0,0.0,42.23999999999978,0.0074592864938174425,0,1,580
581,0,0.02,5779455,206888.0,0.0,5780715,203132.0,0.0,-75.12000000000035,-0.018154750396349797,0,1,581
582,0,0.01,5783595,192737.0,0.0,5784855,191124.0,0.0,-16.13000000000011,-0.00836891722917764,0,1,582
583,0,0.02,5807055,193149.0,0.0,5808315,193433.0,0.0,5.679999999999836,0.0014703674365385885,0,1,583
584,0,0.03,5834411,190541.0,0.0,5835671,190177.0,0.0,-10.920000000000073,-0.0019103500034113523,0,1,584
585,0,0.04,5845450,189207.0,0.0,5846710,190183.0,0.0,39.039999999999964,0.005158371519024133,0,1,585
586,0,0.04,5862010,186692.0,0.0,5863270,187756.0,0.0,42.55999999999949,0.005699226533541808,0,1,586
587,0,0.02,5866150,191443.0,0.0,5867410,190398.0,0.0,-20.90000000000009,-0.005458543796325823,0,1,587
588,0,0.04,5882707,186379.0,0.0,5883967,187256.0,0.0,35.07999999999993,0.004705465744531295,0,1,588
589,0,0.03,5886847,180851.0,0.0,5888107,180614.0,0.0,-7.109999999999673,-0.0013104710507544281,0,1,589
590,0,0.03,5909867,188355.0,0.0,5911127,188052.0,0.0,-9.090000000000146,-0.0016086644899259636,0,1,590
591,0,0.03,5954968,179564.0,0.0,5956228,181103.0,0.0,46.17000000000007,0.008570760286026166,0,1,591
592,0,0.04,5959108,183638.0,0.0,5960368,184230.0,0.0,23.67999999999938,0.003223733649898085,0,1,592
593,0,0.03,5975427,176940.0,0.0,5976687,172963.0,0.0,-119.3100000000004,-0.02247654572171365,0,1,593
594,0,0.06,6007164,168311.0,0.0,6008424,170776.0,0.0,147.89999999999964,0.014645507423757175,0,1,594
595,0,0.06,6015444,175455.0,0.0,6016704,174242.0,0.0,-72.77999999999884,-0.00691345359208903,0,1,595
596,0,0.05,6019582,174520.0,0.0,6020842,173651.0,0.0,-43.44999999999891,-0.004979371991748672,0,1,596
597,0,0.06,6022342,176334.0,0.0,6023602,177572.0,0.0,74.28000000000065,0.007020767407306651,0,1,597
598,0,0.05,6029240,178450.0,0.0,6030500,177605.0,0.0,-42.25,-0.004735219949565704,0,1,598
599,0,0.05,6043039,181452.99999999997,0.0,6044299,183207.0,0.0,87.70000000000073,0.009666414994516566,0,1,599
600,0,0.04,6070396,187187.0,0.0,6071656,189175.0,0.0,79.51999999999953,0.010620395647133551,0,1,600
601,0,0.03,6084194,177544.0,0.0,6085454,176476.0,0.0,-32.039999999999964,-0.006015410264497808,0,1,601
602,0,0.04,6095234,176138.0,0.0,6096494,176963.0,0.0,33.0,0.00468382745347398,0,1,602
603,0,0.05,6101894,179554.0,0.0,6103154,180278.0,0.0,36.19999999999891,0.004032213150361329,0,1,603
604,0,0.05,6163742,179537.99999999997,0.0,6165002,178882.0,0.0,-32.79999999999927,-0.003653822589089694,0,1,604
605,0,0.04,6173402,175351.0,0.0,6174662,175223.0,0.0,-5.119999999999891,-0.0007299644712604848,0,1,605
606,0,0.04,6180302,174509.0,0.0,6181562,174649.0,0.0,5.599999999999454,0.0008022508867736698,0,1,606
607,0,0.05,6184442,173415.0,0.0,6185702,172518.0,0.0,-44.850000000000364,-0.0051725629270824745,0,1,607
608,0,0.03,6187202,175529.0,0.0,6188462,175986.0,0.0,13.710000000000036,0.002603558386363514,0,1,608
609,0,0.06,6259878,177232.0,0.0,6261138,177845.0,0.0,36.779999999998836,0.003458743342060015,0,1,609
610,0,0.07,6286095,182085.0,0.0,6287355,182698.0,0.0,42.909999999999854,0.0033665595738253994,0,1,610
611,0,0.04,6292754,181379.0,0.0,6294014,184219.0,0.0,113.60000000000036,0.015657821467755413,0,1,611
612,0,0.06,6295514,183882.0,0.0,6296774,183080.0,0.0,-48.1200000000008,-0.0043614926964032005,0,1,612
613,0,0.04,6302414,179616.0,0.0,6303674,178846.0,0.0,-30.800000000000182,-0.0042869232139676,0,1,613
614,0,0.04,6323113,190005.0,0.0,6324373,189613.0,0.0,-15.679999999999382,-0.002063103602536694,0,1,614
615,0,0.01,6329862,190492.0,0.0,6331122,189059.0,0.0,-14.329999999999927,-0.007522625622073329,0,1,615
616,0,0.02,6334002,194256.0,0.0,6335262,192529.0,0.0,-34.539999999999964,-0.008890330285808408,0,1,616
617,0,0.03,6347802,191655.0,0.0,6349062,192903.0,0.0,37.44000000000051,0.006511700712217354,0,1,617
618,0,0.03,6357462,195798.99999999997,0.0,6358722,195527.0,0.0,-8.159999999999854,-0.0013891797200189745,0,1,618
619,0,0.03,6361601,191973.99999999997,0.0,6362861,193535.0,0.0,46.83000000000084,0.008131309448154584,0,1,619
620,0,0.03,6380918,195061.0,0.0,6382178,195745.0,0.0,20.519999999999527,0.0035065953727294757,0,1,620
621,0,0.03,6404378,181959.0,0.0,6405638,180921.0,0.0,-31.139999999999418,-0.005704581801394714,0,1,621
622,0,0.04,6411278,184203.0,0.0,6412538,184464.0,0.0,10.44000000000051,0.0014169150339571708,0,1,622
623,0,0.04,6456363,176839.0,0.0,6457623,173968.0,0.0,-114.84000000000015,-0.01623510650931075,0,1,623
624,0,0.04,6466023,171065.0,0.0,6467283,170503.0,0.0,-22.480000000000473,-0.0032853009090112635,0,1,624
625,0,0.03,6472921,171729.0,0.0,6474181,172386.0,0.0,19.710000000000036,0.0038257952937477144,0,1,625
626,0,0.04,6479821,175470.0,0.0,6481081,176223.0,0.0,30.11999999999989,0.004291331851598548,0,1,626
627,0,0.06,6490858,179335.0,0.0,6492118,179042.0,0.0,-17.579999999999927,-0.0016338138121392855,0,1,627
628,0,0.05,6514315,169495.0,0.0,6515575,170954.0,0.0,72.95000000000073,0.008607923537567565,0,1,628
629,0,0.04,6525204,170180.0,0.0,6526464,169571.0,0.0,-24.359999999999673,-0.0035785638735456094,0,1,629
630,0,0.03,6527964,166257.0,0.0,6529224,167352.0,0.0,32.849999999999454,0.006586188852198595,0,1,630
631,0,0.04,6534864,167107.0,0.0,6536124,164359.0,0.0,-109.91999999999916,-0.01644455348968014,0,1,631
632,0,0.04,6545904,172498.0,0.0,6547164,171687.0,0.0,-32.4399999999996,-0.004701503785551079,0,1,632
633,0,0.03,6580379,171158.0,0.0,6581639,170522.0,0.0,-19.079999999999927,-0.003715864873391823,0,1,633
634,0,0.03,6583139,175225.0,0.0,6584399,176671.0,0.0,43.38000000000011,0.008252247110857489,0,1,634
635,0,0.03,6587277,178099.00000000003,0.0,6588537,177385.0,0.0,-21.420000000000073,-0.004009006226873831,0,1,635
636,0,0.04,6603481,180180.0,0.0,6604741,179797.0,0.0,-15.319999999999709,-0.0021256521256520855,0,1,636
637,0,0.03,6614515,180978.0,0.0,6615775,180713.0,0.0,-7.950000000000728,-0.0014642663749186323,0,1,637
638,0,0.05,6621415,181744.0,0.0,6622675,181444.0,0.0,-15.0,-0.0016506734747777092,0,1,638
639,0,0.04,6624175,179413.0,0.0,6625435,179760.0,0.0,13.88000000000011,0.0019340850440046301,0,1,639
640,0,0.04,6632446,183677.0,0.0,6633706,185505.0,0.0,73.11999999999989,0.00995225314002296,0,1,640
641,0,0.04,6635206,183234.0,0.0,6636466,186685.0,0.0,138.03999999999996,0.018833840881059185,0,1,641
642,0,0.04,6648764,193108.0,0.0,6650024,192725.0,0.0,-15.319999999999709,-0.00198334610684173,0,1,642
643,0,0.03,6662562,191507.0,0.0,6663822,186448.0,0.0,-151.77000000000044,-0.026416788942440823,0,1,643
644,0,0.05,6694142,181362.99999999997,0.0,6695402,181420.0,0.0,2.850000000000364,0.000314286817046516,0,1,644
645,0,0.06,6696900,183166.0,0.0,6698160,186801.0,0.0,218.10000000000036,0.01984538615245191,0,1,645
646,0,0.03,6710698,199190.0,0.0,6711958,197649.0,0.0,-46.23000000000047,-0.007736332145188091,0,1,646
647,0,0.04,6721738,202125.0,0.0,6722998,202141.0,0.0,0.6400000000003274,7.915893630183395e-05,0,1,647
648,0,0.04,6730009,203981.0,0.0,6731269,200506.0,0.0,-139.0,-0.017035900402488466,0,1,648
649,0,0.04,6747946,201544.0,0.0,6749206,203332.0,0.0,71.51999999999953,0.008871511927916426,0,1,649
650,0,0.03,6750706,204919.0,0.0,6751966,201795.0,0.0,-93.72000000000025,-0.015245048043373278,0,1,650
651,0,0.05,6761746,198946.0,0.0,6763006,198262.0,0.0,-34.20000000000073,-0.0034381188865320964,0,1,651
652,0,0.05,6764506,195847.99999999997,0.0,6765766,197611.0,0.0,88.15000000000146,0.009001879008210598,0,1,652
653,0,0.04,6771402,194089.0,0.0,6772662,194644.0,0.0,22.199999999999818,0.0028595129038739724,0,1,653
654,0,0.04,6789187,194294.0,0.0,6790447,194558.0,0.0,10.55999999999949,0.0013587655820559937,0,1,654
655,0,0.05,6795931,193831.0,0.0,6797191,193422.0,0.0,-20.450000000000728,-0.0021100855900243742,0,1,655
656,0,0.06,6798690,191342.0,0.0,6799949,191951.0,0.0,36.539999999999054,0.0031827826614124668,0,1,656
657,0,0.04,6823345,197870.0,0.0,6824605,197840.0,0.0,-1.199999999999818,-0.00015161469651789282,0,1,657
658,0,0.04,6833003,194651.0,0.0,6834263,195921.0,0.0,50.80000000000018,0.006524497690738833,0,1,658
659,0,0.06,6850930,190061.0,0.0,6852189,189222.0,0.0,-50.340000000000146,-0.004414372227863699,0,1,659
660,0,0.06,6864685,193722.0,0.0,6865944,194339.0,0.0,37.02000000000044,0.003184976409494055,0,1,660
661,0,0.06763260533246944,6871417,192616.0,0.0,6872675,191641.0,0.0,-65.94179019915646,-0.0050618847863104915,0,1,661
662,0,0.06818659181477545,6892076,190084.0,0.0,6893336,187671.0,0.0,-164.53424604905376,-0.012694387744365696,0,1,662
663,0,0.06,6894836,186393.0,0.0,6896095,184809.0,0.0,-95.04000000000087,-0.008498173214659427,0,1,663
664,0,0.05,6898973,182212.0,0.0,6900233,182244.0,0.0,1.6000000000003638,0.0001756196079292652,0,1,664
665,0,0.06793230875448251,6908625,186998.0,0.0,6909885,192842.0,0.0,396.9964123611953,0.03125167114086778,0,1,665
666,0,0.05,6912763,192491.0,0.0,6914023,195006.0,0.0,125.75,0.013065545921627503,0,1,666
667,0,0.04,6915523,197323.0,0.0,6916783,198022.0,0.0,27.960000000000036,0.0035424152278244344,0,1,667
668,0,0.05,6933458,196955.0,0.0,6934718,194973.0,0.0,-99.10000000000036,-0.010063212408925933,0,1,668
669,0,0.05,6936217,195862.99999999997,0.0,6937477,193622.0,0.0,-112.04999999999927,-0.01144167096388795,0,1,669
670,0,0.05,6940352,196220.0,0.0,6941612,195944.0,0.0,-13.799999999999272,-0.0014065844460298923,0,1,670
671,0,0.06,6943112,198268.0,0.0,6944372,198040.0,0.0,-13.680000000000291,-0.0011499586418383444,0,1,671
672,0,0.06,6953685,204484.0,0.0,6954943,204433.0,0.0,-3.0599999999994907,-0.0002494082666614088,0,1,672
673,0,0.03,6970242,203590.0,0.0,6971502,201806.0,0.0,-53.52000000000044,-0.00876270936686485,0,1,673
674,0,0.05,6999065,202758.00000000003,0.0,7000325,200574.0,0.0,-109.20000000000073,-0.010771461545290515,0,1,674
675,0,0.04,7026661,199098.0,0.0,7027920,199050.0,0.0,-1.9200000000000728,-0.00024108730373987593,0,1,675
676,0,0.06,7029420,200343.0,0.0,7030680,201244.0,0.0,54.05999999999949,0.004497287152533363,0,1,676
677,0,0.06,7043053,204335.0,0.0,7044313,208334.0,0.0,239.9399999999987,0.019570802848263773,0,1,677
678,0,0.04,7047193,212680.0,0.0,7048452,214634.0,0.0,78.15999999999985,0.009187511754748901,0,1,678
679,0,0.03,7054089,215748.0,0.0,7055349,217307.00000000003,0.0,46.770000000001346,0.007226022952704289,0,1,679
680,0,0.04,7063744,218105.0,0.0,7065004,216373.0,0.0,-69.28000000000065,-0.007941129272598135,0,1,680
681,0,0.02,7073402,228244.99999999997,0.0,7074662,229769.99999999997,0.0,30.5,0.006681416898508183,0,1,681
682,0,0.03,7101001,229236.0,0.0,7102261,230792.99999999997,0.0,46.70999999999913,0.0067921268910641035,0,1,682
683,0,0.03,7110660,234679.0,0.0,7111920,236398.99999999997,0.0,51.599999999998545,0.007329160257202184,0,1,683
684,0,0.03,7124455,233119.99999999997,0.0,7125715,233458.0,0.0,10.140000000001237,0.001449897048730445,0,1,684
685,0,0.04,7138104,237681.0,0.0,7139364,228832.00000000003,0.0,-353.9599999999991,-0.03723057375221401,0,1,685
686,0,0.04,7151752,235898.99999999997,0.0,7153012,232234.0,0.0,-146.59999999999854,-0.015536310030987686,0,1,686
687,0,0.03,7172298,241319.99999999997,0.0,7173558,241146.99999999997,0.0,-5.1899999999996,-0.000716890435935632,0,1,687
688,0,0.03,7176438,246933.0,0.0,7177698,245744.0,0.0,-35.67000000000007,-0.004815071294642687,0,1,688
689,0,0.02,7186098,236342.99999999997,0.0,7187358,238669.99999999997,0.0,46.539999999999964,0.009845859619282138,0,1,689
690,0,0.03,7192998,244451.00000000003,0.0,7194258,243659.0,0.0,-23.760000000001128,-0.0032399131114212564,0,1,690
691,0,0.03,7199898,242564.0,0.0,7201158,242994.99999999997,0.0,12.929999999998472,0.0017768506456026,0,1,691
692,0,0.03,7213698,248482.00000000003,0.0,7214958,250971.0,0.0,74.66999999999916,0.01001682214405861,0,1,692
693,0,0.03,7234244,255744.0,0.0,7235504,258269.99999999997,0.0,75.77999999999884,0.009877064564564414,0,1,693
694,0,0.02,7252183,266189.0,0.0,7253443,265883.0,0.0,-6.119999999999891,-0.0011495591478235185,0,1,694
695,0,0.02,7259082,262247.0,0.0,7260342,260898.99999999997,0.0,-26.960000000000946,-0.005140192261494115,0,1,695
696,0,0.04,7279714,277432.0,0.0,7280974,278752.0,0.0,52.79999999999927,0.004757922662129753,0,1,696
697,0,0.03,7282474,274620.0,0.0,7283734,273395.0,0.0,-36.75,-0.004460709343820552,0,1,697
698,0,0.04,7303174,266906.0,0.0,7304434,270636.0,0.0,149.20000000000073,0.01397495747566566,0,1,698
699,0,0.03,7341309,265928.0,0.0,7342569,263801.0,0.0,-63.8100000000004,-0.007998405583466251,0,1,699
700,0,0.04,7355105,271459.0,0.0,7356365,270047.0,0.0,-56.47999999999956,-0.005201522145148951,0,1,700
701,0,0.03,7368746,279516.0,0.0,7370006,280039.0,0.0,15.69000000000051,0.0018710914580919054,0,1,701
702,0,0.02,7393428,291941.0,0.0,7394688,291653.0,0.0,-5.759999999999309,-0.000986500697058534,0,1,702
703,0,0.02,7396188,287526.0,0.0,7397448,285478.0,0.0,-40.960000000000036,-0.007122834108915373,0,1,703
704,0,0.02,7409980,298685.0,0.0,7411240,298236.0,0.0,-8.979999999999563,-0.001503255938530486,0,1,704
705,0,0.03,7414119,303430.0,0.0,7415379,304665.0,0.0,37.04999999999927,0.004070131496555962,0,1,705
706,0,0.01,7447228,333226.0,0.0,7448488,329222.0,0.0,-40.039999999999964,-0.012015869109853361,0,1,706
707,0,0.01,7456869,323661.0,0.0,7458129,323309.0,0.0,-3.519999999999982,-0.001087557660638749,0,1,707
708,0,0.02,7461009,337830.0,0.0,7462269,337214.0,0.0,-12.320000000000618,-0.0018234023029335194,0,1,708
709,0,0.01,7477567,329755.0,0.0,7478827,336128.0,0.0,63.73000000000002,0.019326469651711125,0,1,709
710,0,0.02,7518665,332905.0,0.0,7530724,334760.0,0.0,37.099999999999454,0.005572160225890186,0,1,710
711,0,0.03,7536364,342850.0,0.0,7537624,338991.0,0.0,-115.77000000000044,-0.011255651159399197,0,1,711
712,0,0.02,7577604,352930.0,0.0,7578864,356220.0,0.0,65.80000000000018,0.00932196186212566,0,1,712
713,0,0.01,7598304,376555.0,0.0,7599564,373143.0,0.0,-34.11999999999989,-0.009061093332979216,0,1,713
714,0,0.02,7612104,399150.0,0.0,7613364,404350.0,0.0,104.0,0.013027683828134786,0,1,714
715,0,0.01,7625904,411835.99999999994,0.0,7627164,409960.99999999994,0.0,-18.75,-0.0045527831466894595,0,1,715
716,0,0.01,7639704,393591.0,0.0,7640964,398407.0,0.0,48.159999999999854,0.012236052145501256,0,1,716
717,0,0.01,7649364,418543.99999999994,0.0,7650624,408405.0,0.0,-101.38999999999942,-0.024224454298711586,0,1,717
718,0,0.01,7687665,450516.0,0.0,7723072,484727.00000000006,0.0,342.1100000000006,0.07593736959397682,0,1,718
719,0,0.01,7728703,469989.99999999994,0.0,7729963,494957.0,0.0,249.67000000000007,0.05312240685972044,0,1,719
720,0,0.01,7735596,491902.00000000006,0.0,7736856,503272.99999999994,0.0,113.70999999999913,0.023116393102691007,0,1,720
721,0,0.01,7739583,486518.99999999994,0.0,7740843,498535.00000000006,0.0,120.16000000000076,0.02469790491224408,0,1,721
722,0,0.01,7753381,511539.99999999994,0.0,7754641,513776.0,0.0,22.360000000000582,0.004371114673339442,0,1,722
723,0,0.01,7763038,508970.0,0.0,7764298,502043.99999999994,0.0,-69.26000000000022,-0.013607874727390655,0,1,723
724,0,0.01,7769938,464431.99999999994,0.0,7771198,450157.0,0.0,-142.75,-0.030736469493919456,0,1,724
725,0,0.01,7776838,440852.00000000006,0.0,7778098,451407.0,0.0,105.54999999999927,0.023942275412156294,0,1,725
726,0,0.01,7800295,472117.0,0.0,7801555,473749.0,0.0,16.31999999999971,0.0034567702497473526,0,1,726
727,0,0.01,7807195,459225.0,0.0,7808455,454527.00000000006,0.0,-46.97999999999956,-0.010230279274865167,0,1,727
728,0,0.01,7816855,468731.99999999994,0.0,7818115,472302.00000000006,0.0,35.70000000000073,0.007616292465630836,0,1,728
729,0,0.01,7837402,449329.0,0.0,7838662,454535.00000000006,0.0,52.0600000000004,0.01158616514847704,0,1,729
730,0,0.01,7851202,423946.0,0.0,7852462,421026.0,0.0,-29.199999999999818,-0.0068876696560410565,0,1,730
731,0,0.01,7871421,412402.99999999994,0.0,7883480,405707.0,0.0,-66.95999999999958,-0.016236545320960222,0,1,731
