fitness,param_sl_atr,param_adx_period,param_adx_threshold,param_volume_lookback,param_volume_mult,param_regime_lookback,param_use_volume_filter,param_use_trend_filter,param_use_regime_filter,m1_oos1_n_trades,m1_oos1_profit_factor,m1_oos1_win_rate,m1_oos1_trades_per_month,m1_oos1_avg_trade_pct,m1_oos1_total_return_pct,m1_oos2_n_trades,m1_oos2_profit_factor,m1_oos2_win_rate,m1_oos2_trades_per_month,m1_oos2_avg_trade_pct,m1_oos2_total_return_pct,pass,fail_reason
1.3829712858083616,4.5,16,35,35,1.7,40,False,True,True,136,2.498134939834249,66.17647058823529,1.6260172820109977,0.2748339936944898,19.19799999999997,65,0.816906217791557,50.76923076923077,1.1659398939304657,-0.07344452031915348,-4.17718515319621,False,m1_oos2 profit_factor=0.8169 <= 1.1
1.3730855278077672,4.0,16,35,50,1.7,40,False,True,True,136,2.4801266260808155,66.17647058823529,1.6260172820109977,0.2748339936944898,21.529908831392405,65,0.7999698645431403,50.76923076923077,1.1659398939304657,-0.0734445203191531,-5.040587394682448,False,m1_oos2 profit_factor=0.8000 <= 1.1
1.3510119652057646,4.0,16,35,40,1.6,15,False,True,True,124,2.53079067217035,66.12903225806451,1.4825451688923803,0.25466713947535086,20.10019999999996,59,0.730647563221686,54.23728813559322,1.0583146729522688,-0.24654832416992623,-6.110553915585397,False,m1_oos2 profit_factor=0.7306 <= 1.1
1.3274481082670169,1.5,16,35,35,1.6,45,False,True,True,137,2.3424827114057956,65.69343065693431,1.637973291437549,0.2685934144912216,42.80198387348617,65,0.941844868846996,49.23076923076923,1.1659398939304657,-0.12059904003282082,-1.8429687559286048,False,m1_oos2 profit_factor=0.9418 <= 1.1
1.317870018738758,2.5,16,35,25,1.6,50,False,True,True,134,2.4668315278035045,65.67164179104478,1.602105263157895,0.26270739968881857,33.23637880194067,63,1.0516713873189445,49.2063492063492,1.1300648202710668,0.04672468618417802,1.2653119494858491,False,m1_oos2 profit_factor=1.0517 <= 1.1
1.3094881277645989,2.0,16,35,40,1.6,45,False,True,True,137,2.4433301990436718,65.69343065693431,1.637973291437549,0.2685934144912212,40.62217934113774,65,0.8449852975148084,49.23076923076923,1.1659398939304657,-0.12059904003282093,-4.895946405697823,False,m1_oos2 profit_factor=0.8450 <= 1.1
1.3088107019399415,3.0,16,35,45,1.7,45,False,True,True,138,2.411985782867684,65.21739130434783,1.6499293008641007,0.2609994492976012,28.73441657265624,65,0.8388509188825846,49.23076923076923,1.1659398939304657,-0.12059904003282118,-4.676245656149958,False,m1_oos2 profit_factor=0.8389 <= 1.1
1.298491174620355,2.0,16,35,40,1.1,25,False,True,True,134,2.5352885152536193,66.4179104477612,1.602105263157895,0.2739758967921922,41.49223761900085,61,1.08881260294947,54.09836065573771,1.0941897466116677,-0.06435587803226737,2.307198463852101,False,m1_oos2 profit_factor=1.0888 <= 1.1
1.288522107108866,4.0,14,35,15,1.7,40,False,True,True,174,1.853613461994354,63.2183908045977,2.080345640219953,0.2342914557388945,21.723006185146517,89,0.8578998841839134,47.19101123595505,1.596440777843253,-0.04534752919965847,-4.290089489266916,False,m1_oos2 profit_factor=0.8579 <= 1.1
1.288522107108866,4.0,14,35,15,1.8,40,False,True,True,174,1.853613461994354,63.2183908045977,2.080345640219953,0.2342914557388945,21.723006185146517,89,0.8578998841839134,47.19101123595505,1.596440777843253,-0.04534752919965847,-4.290089489266916,False,m1_oos2 profit_factor=0.8579 <= 1.1
1.2793430212987638,3.5,16,35,35,1.6,45,False,True,True,138,2.4115183529876028,65.21739130434783,1.6499293008641007,0.26099944929760105,24.45557658253665,65,0.7440933752757339,49.23076923076923,1.1659398939304657,-0.12059904003282004,-7.022598378299522,False,m1_oos2 profit_factor=0.7441 <= 1.1
1.2793430212987638,3.5,16,35,40,1.9,45,False,True,True,138,2.4115183529876028,65.21739130434783,1.6499293008641007,0.26099944929760105,24.45557658253665,65,0.7440933752757339,49.23076923076923,1.1659398939304657,-0.12059904003282004,-7.022598378299522,False,m1_oos2 profit_factor=0.7441 <= 1.1
1.2793430212987638,3.5,16,35,30,1.6,45,False,True,True,138,2.4115183529876028,65.21739130434783,1.6499293008641007,0.26099944929760105,24.45557658253665,65,0.7440933752757339,49.23076923076923,1.1659398939304657,-0.12059904003282004,-7.022598378299522,False,m1_oos2 profit_factor=0.7441 <= 1.1
1.278256903726099,4.5,16,35,35,1.6,45,False,True,True,138,2.3867650363268638,65.21739130434783,1.6499293008641007,0.2609994492975999,18.514699999999966,65,0.7386304765666926,49.23076923076923,1.1659398939304657,-0.12059904003282156,-6.293845098660135,False,m1_oos2 profit_factor=0.7386 <= 1.1
1.2754785492686977,4.0,16,35,15,1.6,45,False,True,True,138,2.368013131828896,65.21739130434783,1.6499293008641007,0.26099944929760005,20.753013856540818,65,0.7318677768487125,49.23076923076923,1.1659398939304657,-0.12059904003282036,-7.060153524254033,False,m1_oos2 profit_factor=0.7319 <= 1.1
1.2754785492686977,4.0,16,35,35,1.6,45,False,True,True,138,2.368013131828896,65.21739130434783,1.6499293008641007,0.26099944929760005,20.753013856540818,65,0.7318677768487125,49.23076923076923,1.1659398939304657,-0.12059904003282036,-7.060153524254033,False,m1_oos2 profit_factor=0.7319 <= 1.1
1.2754785492686977,4.0,16,35,25,1.6,45,False,True,True,138,2.368013131828896,65.21739130434783,1.6499293008641007,0.26099944929760005,20.753013856540818,65,0.7318677768487125,49.23076923076923,1.1659398939304657,-0.12059904003282036,-7.060153524254033,False,m1_oos2 profit_factor=0.7319 <= 1.1
1.2754785492686977,4.0,16,35,40,1.5,45,False,True,True,138,2.368013131828896,65.21739130434783,1.6499293008641007,0.26099944929760005,20.753013856540818,65,0.7318677768487125,49.23076923076923,1.1659398939304657,-0.12059904003282036,-7.060153524254033,False,m1_oos2 profit_factor=0.7319 <= 1.1
1.2712115674136546,2.0,20,25,20,1.1,50,False,True,True,251,1.6716158148949842,60.95617529880478,3.000958366064415,0.17412134653569938,49.91510488180647,119,0.9225383668951203,44.537815126050425,2.1345668827342372,-0.04808443889179877,-3.6940170836749213,False,m1_oos2 profit_factor=0.9225 <= 1.1
1.2706988205068568,4.0,16,35,40,1.2,50,False,True,True,134,2.3912773337052156,65.67164179104478,1.602105263157895,0.26270739968881757,19.730981607684956,63,0.9475873309537836,49.2063492063492,1.1300648202710668,0.04672468618417794,-1.0707035017657518,False,m1_oos2 profit_factor=0.9476 <= 1.1
1.2706988205068568,4.0,16,35,40,1.5,50,False,True,True,134,2.3912773337052156,65.67164179104478,1.602105263157895,0.26270739968881757,19.730981607684956,63,0.9475873309537836,49.2063492063492,1.1300648202710668,0.04672468618417794,-1.0707035017657518,False,m1_oos2 profit_factor=0.9476 <= 1.1
1.270283797706735,4.5,16,35,40,1.1,50,False,True,True,134,2.399704955942743,65.67164179104478,1.602105263157895,0.2627073996888175,17.552999999999976,63,0.9584143117291871,49.2063492063492,1.1300648202710668,0.04672468618417697,-0.7562630315653632,False,m1_oos2 profit_factor=0.9584 <= 1.1
1.270283797706735,4.5,16,35,15,1.3,50,False,True,True,134,2.399704955942743,65.67164179104478,1.602105263157895,0.2627073996888175,17.552999999999976,63,0.9584143117291871,49.2063492063492,1.1300648202710668,0.04672468618417697,-0.7562630315653632,False,m1_oos2 profit_factor=0.9584 <= 1.1
1.2549427213463784,4.5,16,35,40,1.3,25,False,True,True,135,2.4748898334828184,65.92592592592592,1.6140612725844463,0.26617330657722316,18.910299999999964,61,0.8660404609587458,54.09836065573771,1.0941897466116677,-0.06435587803226772,-2.654907176418974,False,m1_oos2 profit_factor=0.8660 <= 1.1
1.2549427213463784,4.5,16,35,40,1.8,25,False,True,True,135,2.4748898334828184,65.92592592592592,1.6140612725844463,0.26617330657722316,18.910299999999964,61,0.8660404609587458,54.09836065573771,1.0941897466116677,-0.06435587803226772,-2.654907176418974,False,m1_oos2 profit_factor=0.8660 <= 1.1
1.245599651852281,5.0,16,35,15,1.0,50,False,True,True,134,2.389782895504436,65.67164179104478,1.602105263157895,0.26270739968881734,15.48509999999997,63,0.9704795975115302,49.2063492063492,1.1300648202710668,0.04672468618417732,-0.499159283716458,False,m1_oos2 profit_factor=0.9705 <= 1.1
1.2290569308432147,3.5,22,30,50,1.2,50,False,True,True,118,1.8876138656945443,66.94915254237289,1.4108091123330715,0.24123825129065266,15.65031002246275,53,1.2541362424870621,47.16981132075472,0.950689451974072,0.18567871043113257,3.9797903081220554,False,m1_oos2 trades_per_month=0.9507 <= 1.0
1.2263086120844382,4.0,14,35,15,1.7,45,False,True,True,176,1.749786781584361,61.93181818181818,2.1042576590730557,0.21700424312025568,20.06592503511707,89,0.7987054547614041,46.06741573033708,1.596440777843253,-0.0797862233725621,-6.303232220145824,False,m1_oos2 profit_factor=0.7987 <= 1.1
1.2167887066805159,4.0,22,20,15,1.9,50,False,True,True,360,1.2867706949613218,56.388888888888886,4.3041633935585235,0.08751466497761996,19.92105214232976,166,1.083076005660786,49.39759036144578,2.977631113730112,0.04239355832857206,4.016444210351535,False,m1_oos2 profit_factor=1.0831 <= 1.1
1.2036756271246465,3.5,14,25,10,1.2,45,True,True,True,90,1.6465167209644243,55.55555555555556,1.0760408483896309,0.12190690428100556,11.27459405692272,33,1.5533374416411907,57.57575757575758,0.5919387153800826,0.14695438508980477,4.260736315320005,False,m1_oos2 trades_per_month=0.5919 <= 1.0
1.1950121696621068,5.0,22,15,15,1.4,50,False,True,True,471,1.2492301721657562,56.90021231422505,5.631280439905735,0.07096834320198411,18.623600000000046,240,0.9852615487755709,50.416666666666664,4.305008839127873,-0.032009078628091506,-0.8453449764027868,False,m1_oos2 profit_factor=0.9853 <= 1.1
1.1904811411672769,5.0,16,35,35,1.7,45,False,True,False,150,2.6180305096623084,67.33333333333333,1.7934014139827181,0.2851392751836178,20.04966325742953,84,0.7527230133797205,52.38095238095239,1.5067530936947555,-0.14240855522949153,-6.59263588648697,False,m1_oos2 profit_factor=0.7527 <= 1.1
1.1904811411672769,5.0,16,35,45,1.9,45,False,True,False,150,2.6180305096623084,67.33333333333333,1.7934014139827181,0.2851392751836178,20.04966325742953,84,0.7527230133797205,52.38095238095239,1.5067530936947555,-0.14240855522949153,-6.59263588648697,False,m1_oos2 profit_factor=0.7527 <= 1.1
1.1884536484636512,4.0,16,35,40,1.6,45,False,True,False,150,2.599843988148427,67.33333333333333,1.7934014139827181,0.28513927518361804,25.383738913223088,84,0.7913545697153698,52.38095238095239,1.5067530936947555,-0.14240855522949053,-6.466553720312622,False,m1_oos2 profit_factor=0.7914 <= 1.1
1.1884536484636512,4.0,16,35,40,1.5,50,False,True,False,150,2.599843988148427,67.33333333333333,1.7934014139827181,0.28513927518361804,25.383738913223088,84,0.7913545697153698,52.38095238095239,1.5067530936947555,-0.14240855522949053,-6.466553720312622,False,m1_oos2 profit_factor=0.7914 <= 1.1
1.1789208132114875,3.5,16,35,35,1.7,25,False,True,False,150,2.6355625871601833,67.33333333333333,1.7934014139827181,0.28513927518361876,29.663060267715764,84,0.827734318005311,52.38095238095239,1.5067530936947555,-0.14240855522949092,-5.584987460037865,False,m1_oos2 profit_factor=0.8277 <= 1.1
1.1789208132114875,3.5,16,35,20,1.7,45,False,True,False,150,2.6355625871601833,67.33333333333333,1.7934014139827181,0.28513927518361876,29.663060267715764,84,0.827734318005311,52.38095238095239,1.5067530936947555,-0.14240855522949092,-5.584987460037865,False,m1_oos2 profit_factor=0.8277 <= 1.1
1.1772293336068,3.5,16,30,35,1.7,45,False,True,True,221,1.5385793183570677,60.633484162895925,2.6422780832678714,0.17203885107528616,21.900945580510907,110,0.8490361623893423,45.45454545454545,1.973129051266942,-0.080869075228804,-6.017148669301123,False,m1_oos2 profit_factor=0.8490 <= 1.1
1.1747719285306508,2.0,14,35,15,1.0,30,False,True,False,190,1.9361846442114865,63.68421052631579,2.271641791044776,0.23175368166827,48.71111678249859,110,0.8743119995003034,49.09090909090909,1.973129051266942,-0.08283668436790961,-5.953319733111093,False,m1_oos2 profit_factor=0.8743 <= 1.1
1.1723395762151005,4.0,16,30,35,1.8,40,False,True,True,218,1.5446739708947665,61.46788990825688,2.606410054988217,0.18487820396458313,19.050510879975725,111,0.9003766267933311,46.846846846846844,1.9910665880966414,-0.05180173187776823,-3.661595101411349,False,m1_oos2 profit_factor=0.9004 <= 1.1
1.1721461577363539,3.0,14,20,20,1.6,50,False,True,True,438,1.1889937768217052,56.62100456621004,5.236732128829537,0.04287885409839998,22.803860925544267,228,1.0834788663733452,48.68421052631579,4.0897583971714795,0.006204737245060221,6.140253821427948,False,m1_oos2 profit_factor=1.0835 <= 1.1
1.172006178695491,1.5,14,35,20,1.3,45,False,True,False,190,1.884251613215243,63.68421052631579,2.271641791044776,0.23175368166827004,52.5625242623763,110,0.931197546476835,49.09090909090909,1.973129051266942,-0.08283668436791052,-3.2784362542607144,False,m1_oos2 profit_factor=0.9312 <= 1.1
1.1679604303108968,4.0,14,20,15,1.6,50,False,True,True,438,1.1700790469777025,56.62100456621004,5.236732128829537,0.04287885409839947,15.495469792157678,228,1.029833944677443,48.68421052631579,4.0897583971714795,0.006204737245059809,1.8832131583334215,False,m1_oos2 profit_factor=1.0298 <= 1.1
1.1678762298062915,3.5,24,25,20,1.1,50,False,True,True,188,1.7327406799258327,61.702127659574465,2.2477297721916734,0.21351347071195398,22.898803297835777,89,0.9337026533861593,46.06741573033708,1.596440777843253,0.0036702560745973693,-2.091773325221143,False,m1_oos2 profit_factor=0.9337 <= 1.1
1.1603778473032968,1.0,16,35,40,1.5,50,False,True,False,147,2.4430614224209433,67.3469387755102,1.7575333857030637,0.2953924468891924,54.31194384417969,80,0.7104366954146113,52.5,1.4350029463759577,-0.22381928329355008,-11.726197950155447,False,m1_oos2 profit_factor=0.7104 <= 1.1
1.1553699443877434,5.0,16,30,40,1.6,40,False,True,True,218,1.5523974593841492,61.46788990825688,2.606410054988217,0.18487820396458277,15.106799999999918,111,0.920439693470451,46.846846846846844,1.9910665880966414,-0.05180173187776854,-2.4604596204861626,False,m1_oos2 profit_factor=0.9204 <= 1.1
1.1544712997552737,4.0,18,15,35,1.7,40,False,True,True,500,1.2924386150395089,57.599999999999994,5.978004713275727,0.0883616483271647,29.527357432979322,277,1.0403094365565138,52.34657039711191,4.968697701826754,0.0008927503489048518,3.053913131269476,False,m1_oos2 profit_factor=1.0403 <= 1.1
1.1496710352320554,2.0,14,25,20,1.9,50,False,True,True,358,1.3038351399102623,56.98324022346368,4.28025137470542,0.073732095122359,38.77379497279036,171,1.094583686427116,48.53801169590643,3.0673187978786096,0.02708427867643278,6.132264102156314,False,m1_oos2 profit_factor=1.0946 <= 1.1
1.1496710352320554,2.0,14,25,15,1.9,50,False,True,True,358,1.3038351399102623,56.98324022346368,4.28025137470542,0.073732095122359,38.77379497279036,171,1.094583686427116,48.53801169590643,3.0673187978786096,0.02708427867643278,6.132264102156314,False,m1_oos2 profit_factor=1.0946 <= 1.1
1.1404473408599491,3.5,16,35,25,1.8,50,False,False,True,558,1.3876447784543695,58.602150537634415,6.671453260015712,0.13102545489057588,50.224357817427226,286,1.0942573273408343,51.39860139860139,5.130135533294049,0.0023520421278972,8.032164110179467,False,m1_oos2 profit_factor=1.0943 <= 1.1
1.1381053357351112,4.0,14,30,15,1.6,50,False,False,True,558,1.395933998960627,58.602150537634415,6.671453260015712,0.13102545489057574,44.64792422758945,286,1.081381361530443,51.39860139860139,5.130135533294049,0.00235204212789769,6.388757164744914,False,m1_oos2 profit_factor=1.0814 <= 1.1
1.1333376274373579,4.5,22,25,20,1.6,50,False,False,True,558,1.3885709853755424,58.602150537634415,6.671453260015712,0.13102545489057557,38.576899999999966,286,1.0869271519172634,51.39860139860139,5.130135533294049,0.0023520421278976225,6.067330460094624,False,m1_oos2 profit_factor=1.0869 <= 1.1
1.131880610739355,3.5,24,30,20,1.9,20,False,True,True,100,2.04849278594616,64.0,1.1956009426551455,0.2322788068888321,15.363056295967745,49,0.9657436429824949,53.06122448979592,0.8789393046552741,-0.023630997474718682,-0.6382581686838511,False,m1_oos2 profit_factor=0.9657 <= 1.1
1.1313270199574363,5.0,22,15,20,1.6,50,False,False,True,558,1.3851215708818339,58.602150537634415,6.671453260015712,0.13102545489057585,34.03250000000004,286,1.0697612926207256,51.39860139860139,5.130135533294049,0.002352042127897511,4.520147950459153,False,m1_oos2 profit_factor=1.0698 <= 1.1
1.1313270199574363,5.0,14,35,20,1.8,50,False,False,True,558,1.3851215708818339,58.602150537634415,6.671453260015712,0.13102545489057585,34.03250000000004,286,1.0697612926207256,51.39860139860139,5.130135533294049,0.002352042127897511,4.520147950459153,False,m1_oos2 profit_factor=1.0698 <= 1.1
1.1313270199574363,5.0,22,35,40,1.1,50,False,False,True,558,1.3851215708818339,58.602150537634415,6.671453260015712,0.13102545489057585,34.03250000000004,286,1.0697612926207256,51.39860139860139,5.130135533294049,0.002352042127897511,4.520147950459153,False,m1_oos2 profit_factor=1.0698 <= 1.1
1.1313270199574363,5.0,16,35,20,1.7,50,False,False,True,558,1.3851215708818339,58.602150537634415,6.671453260015712,0.13102545489057585,34.03250000000004,286,1.0697612926207256,51.39860139860139,5.130135533294049,0.002352042127897511,4.520147950459153,False,m1_oos2 profit_factor=1.0698 <= 1.1
1.128992817061698,4.0,14,30,50,1.2,50,False,True,True,264,1.2384070232288031,57.95454545454546,3.156386488609584,0.06348705305158509,12.608155569799774,123,1.2037667406222876,47.96747967479675,2.206317030053035,0.103374034077416,6.833792835059134,True,
1.1273547556485992,4.0,18,30,35,1.7,40,False,True,True,177,1.577810177046762,63.2768361581921,2.1162136684996073,0.17809034714512914,16.395610941190462,88,0.7877553996891216,47.72727272727273,1.5785032410135535,-0.08026187377191688,-6.329784116823102,False,m1_oos2 profit_factor=0.7878 <= 1.1
1.125225897834505,5.0,22,25,15,1.4,45,False,True,True,227,1.6345593760062953,61.67400881057269,2.71401413982718,0.17448718184576098,17.735299999999963,104,0.7813591780290765,46.15384615384615,1.865503830288745,-0.11979371675963928,-7.246334087776295,False,m1_oos2 profit_factor=0.7814 <= 1.1
1.1179827010396288,2.5,24,25,25,1.9,20,False,True,True,203,2.0396807253589486,62.06896551724138,2.4270699135899454,0.23730509894076124,44.32427491606221,95,1.0768670105439515,50.526315789473685,1.7040659988214497,-0.04864930672896805,2.86188621865183,False,m1_oos2 profit_factor=1.0769 <= 1.1
1.1049478379350652,2.0,14,30,20,1.6,50,False,True,True,263,1.2924423449051874,58.174904942965775,3.1444304791830326,0.06669184710207889,27.047922859013795,123,1.2378298290279148,47.96747967479675,2.206317030053035,0.10337403407741545,10.676967663939676,True,
1.1007965614258035,4.5,24,25,20,1.5,20,False,True,True,203,1.9526687091832586,62.06896551724138,2.4270699135899454,0.23730509894076016,23.631899999999952,95,0.9061854420136881,50.526315789473685,1.7040659988214497,-0.0486493067289675,-2.7684581975398577,False,m1_oos2 profit_factor=0.9062 <= 1.1
